CompanyID,Name,Ticker,IsIndex,Sector,Industry,Founded,MinDate,MaxDate,PriceDays
1030,"CBOE Volatility Index",^VIX,1,NULL,NULL,NULL,"1990-01-02 00:00:00","2021-10-29 00:00:00",7930
1025,"Dow Jones Industrial Average",^DJI,1,NULL,NULL,NULL,"1992-01-02 00:00:00","2021-10-29 00:00:00",7515
1026,Nasdaq,^IXIC,1,NULL,NULL,NULL,"1980-01-02 00:00:00","2021-10-29 00:00:00",10488
1028,"NYSE AMEX COMPOSITE INDEX",^XAX,1,NULL,NULL,NULL,"1995-12-27 00:00:00","2021-10-29 00:00:00",6507
1027,"NYSE COMPOSITE (DJ)",^NYA,1,NULL,NULL,NULL,"1980-01-02 00:00:00","2021-10-29 00:00:00",10025
1029,"Russell 2000",^RUT,1,NULL,NULL,NULL,"1987-09-10 00:00:00","2021-10-29 00:00:00",8605
1024,"S&P 500 Index",^GSPC,1,NULL,NULL,NULL,"1980-01-02 00:00:00","2021-10-29 00:00:00",10549
1,3M,MMM,0,Industrials,"Industrial Conglomerates",1902,"1980-01-02 00:00:00","2021-10-29 00:00:00",10549
43,"A. O. Smith",AOS,0,Industrials,"Building Products",1916,"1983-09-30 00:00:00","2021-10-29 00:00:00",9496
2,"Abbott Laboratories",ABT,0,"Health Care","Health Care Equipment",1888,"1980-03-17 00:00:00","2021-10-29 00:00:00",10497
3,AbbVie,ABBV,0,"Health Care",Pharmaceuticals,2013,"2013-01-02 00:00:00","2021-10-29 00:00:00",2224
683,"Abercrombie & Fitch",ANF,0,NULL,NULL,NULL,"1996-09-26 00:00:00","2021-10-29 00:00:00",6317
4,Abiomed,ABMD,0,"Health Care","Health Care Equipment",1981,"1987-07-29 00:00:00","2021-10-29 00:00:00",8551
5,Accenture,ACN,0,"Information Technology","IT Consulting & Other Services",1989,"2001-07-19 00:00:00","2021-10-29 00:00:00",5104
6,"Activision Blizzard",ATVI,0,"Communication Services","Interactive Home Entertainment",2008,"1993-10-25 00:00:00","2021-10-29 00:00:00",7020
579,"Acuity Brands",AYI,0,NULL,NULL,NULL,"2001-12-03 00:00:00","2021-10-29 00:00:00",5013
48,ADM,ADM,0,"Consumer Staples","Agricultural Products",1902,"1980-03-17 00:00:00","2021-10-29 00:00:00",10497
7,Adobe,ADBE,0,"Information Technology","Application Software",1982,"1986-08-13 00:00:00","2021-10-29 00:00:00",8876
630,ADT,ADT,0,NULL,NULL,NULL,"2018-01-19 00:00:00","2021-10-29 00:00:00",953
9,"Advance Auto Parts",AAP,0,"Consumer Discretionary","Automotive Retail",1932,"2001-11-29 00:00:00","2021-10-29 00:00:00",5015
8,"Advanced Micro Devices",AMD,0,"Information Technology",Semiconductors,1969,"1980-03-17 00:00:00","2021-10-29 00:00:00",10497
10,"AES Corp",AES,0,Utilities,"Independent Power Producers & Energy Traders",1981,"1991-06-26 00:00:00","2021-10-29 00:00:00",7646
568,Aetna,AET,0,NULL,NULL,NULL,"1995-12-14 00:00:00","2018-11-29 00:00:00",5778
545,"Affiliated Managers Group",AMG,0,NULL,NULL,NULL,"1997-11-21 00:00:00","2021-10-29 00:00:00",6024
11,Aflac,AFL,0,Financials,"Life & Health Insurance",1955,"1980-03-17 00:00:00","2021-10-29 00:00:00",10484
12,"Agilent Technologies",A,0,"Health Care","Health Care Equipment",1999,"1999-11-18 00:00:00","2021-10-29 00:00:00",5523
622,"AGL Resources",GAS,0,NULL,NULL,NULL,NULL,NULL,0
13,"Air Products & Chemicals",APD,0,Materials,"Industrial Gases",1940,"1980-03-17 00:00:00","2021-10-29 00:00:00",10497
627,Airgas,ARG,0,NULL,NULL,NULL,NULL,NULL,0
719,"AK Steel",AKS,0,NULL,NULL,NULL,NULL,NULL,0
14,"Akamai Technologies",AKAM,0,"Information Technology","Internet Services & Infrastructure",1998,"1999-10-29 00:00:00","2021-10-29 00:00:00",5537
15,"Alaska Air Group",ALK,0,Industrials,Airlines,1985,"1980-03-17 00:00:00","2021-10-29 00:00:00",10487
16,"Albemarle Corporation",ALB,0,Materials,"Specialty Chemicals",1994,"1994-02-22 00:00:00","2021-10-29 00:00:00",6973
770,Albertsons,ABS,0,NULL,NULL,NULL,"2018-08-28 00:00:00","2019-06-07 00:00:00",192
616,"Alcoa Inc",AA,0,NULL,NULL,NULL,"1980-01-02 00:00:00","2021-10-29 00:00:00",10549
17,"Alexandria Real Estate Equities",ARE,0,"Real Estate","Office REITs",1994,"1997-05-28 00:00:00","2021-10-29 00:00:00",6148
517,"Alexion Pharmaceuticals",ALXN,0,NULL,NULL,NULL,NULL,NULL,0
18,"Align Technology",ALGN,0,"Health Care","Health Care Supplies",1997,"2001-01-30 00:00:00","2021-10-29 00:00:00",5222
734,"Allegheny Energy",AYE,0,NULL,NULL,NULL,"2000-01-03 00:00:00","2017-01-11 00:00:00",2574
656,"Allegheny Technologies",ATI,0,NULL,NULL,NULL,"1999-11-29 00:00:00","2021-10-29 00:00:00",5517
19,Allegion,ALLE,0,Industrials,"Building Products",1908,"2013-11-18 00:00:00","2021-10-29 00:00:00",2002
661,Allergan,AGN,0,NULL,NULL,NULL,NULL,NULL,0
539,Allergan,AGN,0,NULL,NULL,NULL,NULL,NULL,0
534,"Alliance Data Systems",ADS,0,NULL,NULL,NULL,"2001-06-15 00:00:00","2021-10-29 00:00:00",5127
20,"Alliant Energy",LNT,0,Utilities,"Electric Utilities",1917,"1980-01-02 00:00:00","2021-10-29 00:00:00",10534
21,"Allstate Corp",ALL,0,Financials,"Property & Casualty Insurance",1931,"1993-06-03 00:00:00","2021-10-29 00:00:00",7156
704,"Alpha Natural Resources",ANR,0,NULL,NULL,NULL,"2019-02-12 00:00:00","2021-10-29 00:00:00",272
22,"Alphabet (Class A)",GOOGL,0,"Communication Services","Interactive Media & Services",1998,"2004-08-19 00:00:00","2021-10-29 00:00:00",4331
23,"Alphabet (Class C)",GOOG,0,"Communication Services","Interactive Media & Services",1998,"2004-08-19 00:00:00","2021-10-29 00:00:00",4331
643,Altera,ALTR,0,NULL,NULL,NULL,"2017-11-01 00:00:00","2021-10-29 00:00:00",1006
24,"Altria Group",MO,0,"Consumer Staples",Tobacco,1985,"1980-01-02 00:00:00","2021-10-29 00:00:00",10548
25,Amazon,AMZN,0,"Consumer Discretionary","Internet & Direct Marketing Retail",1994,"1997-05-15 00:00:00","2021-10-29 00:00:00",6157
759,"Ambac Financial",ABK,0,NULL,NULL,NULL,"2000-01-03 00:00:00","2018-01-23 00:00:00",2754
26,Amcor,AMCR,0,Materials,"Paper Packaging",2019,"2012-05-15 00:00:00","2021-10-29 00:00:00",1197
27,"Ameren Corp",AEE,0,Utilities,Multi-Utilities,1902,"1998-01-02 00:00:00","2021-10-29 00:00:00",5997
28,"American Airlines Group",AAL,0,Industrials,Airlines,1934,"2005-09-27 00:00:00","2021-10-29 00:00:00",4052
753,"American Capital",ACAS,0,NULL,NULL,NULL,NULL,NULL,0
29,"American Electric Power",AEP,0,Utilities,"Electric Utilities",1906,"1980-01-02 00:00:00","2021-10-29 00:00:00",10548
30,"American Express",AXP,0,Financials,"Consumer Finance",1850,"1980-01-02 00:00:00","2021-10-29 00:00:00",10548
31,"American International Group",AIG,0,Financials,"Property & Casualty Insurance",1919,"1980-03-17 00:00:00","2021-10-29 00:00:00",10496
32,"American Tower",AMT,0,"Real Estate","Specialized REITs",1995,"1998-02-27 00:00:00","2021-10-29 00:00:00",5959
33,"American Water Works",AWK,0,Utilities,"Water Utilities",1886,"2008-04-23 00:00:00","2021-10-29 00:00:00",3406
34,"Ameriprise Financial",AMP,0,Financials,"Asset Management & Custody Banks",1894,"2005-09-15 00:00:00","2021-10-29 00:00:00",4060
35,AmerisourceBergen,ABC,0,"Health Care","Health Care Distributors",1985,"1995-04-04 00:00:00","2021-10-29 00:00:00",6692
36,Ametek,AME,0,Industrials,"Electrical Components & Equipment",1930,"1984-07-19 00:00:00","2021-10-29 00:00:00",9398
37,Amgen,AMGN,0,"Health Care",Biotechnology,1980,"1983-06-17 00:00:00","2021-10-29 00:00:00",9671
38,Amphenol,APH,0,"Information Technology","Electronic Components",1932,"1991-11-08 00:00:00","2021-10-29 00:00:00",7551
554,"Anadarko Petroleum",APC,0,NULL,NULL,NULL,NULL,NULL,0
39,"Analog Devices",ADI,0,"Information Technology",Semiconductors,1965,"1980-03-17 00:00:00","2021-10-29 00:00:00",10495
573,Andeavor,ANDV,0,NULL,NULL,NULL,"1980-01-02 00:00:00","2018-10-01 00:00:00",9739
40,Ansys,ANSS,0,"Information Technology","Application Software",1969,"1996-06-20 00:00:00","2021-10-29 00:00:00",6384
41,Anthem,ANTM,0,"Health Care","Managed Health Care",2014,"2001-10-30 00:00:00","2021-10-29 00:00:00",5036
42,Aon,AON,0,Financials,"Insurance Brokers",1982,"1980-06-02 00:00:00","2021-10-29 00:00:00",10444
44,"APA Corporation",APA,0,Energy,"Oil & Gas Exploration & Production",1954,"1980-01-02 00:00:00","2021-10-29 00:00:00",10548
528,"Apartment Investment & Management",AIV,0,NULL,NULL,NULL,"1994-07-22 00:00:00","2021-10-29 00:00:00",6868
692,"Apollo Education Group",APOL,0,NULL,NULL,NULL,NULL,NULL,0
45,Apple,AAPL,0,"Information Technology","Technology Hardware, Storage & Peripherals",1977,"1980-12-12 00:00:00","2021-10-29 00:00:00",10309
46,"Applied Materials",AMAT,0,"Information Technology","Semiconductor Equipment",1967,"1980-03-17 00:00:00","2021-10-29 00:00:00",10490
47,Aptiv,APTV,0,"Consumer Discretionary","Auto Parts & Equipment",1994,"2011-11-17 00:00:00","2021-10-29 00:00:00",2504
542,Arconic,ARNC,0,NULL,NULL,NULL,"2020-04-01 00:00:00","2021-10-29 00:00:00",400
49,"Arista Networks",ANET,0,"Information Technology","Communications Equipment",2004,"2014-06-06 00:00:00","2021-10-29 00:00:00",1865
50,"Arthur J. Gallagher & Co.",AJG,0,Financials,"Insurance Brokers",1927,"1984-06-20 00:00:00","2021-10-29 00:00:00",9385
51,Assurant,AIZ,0,Financials,"Multi-line Insurance",1892,"2004-02-05 00:00:00","2021-10-29 00:00:00",4466
52,AT&T,T,0,"Communication Services","Integrated Telecommunication Services",1983,"1983-11-21 00:00:00","2021-10-29 00:00:00",9565
53,"Atmos Energy",ATO,0,Utilities,"Gas Utilities",1906,"1983-12-28 00:00:00","2021-10-29 00:00:00",9511
54,Autodesk,ADSK,0,"Information Technology","Application Software",1982,"1985-06-28 00:00:00","2021-10-29 00:00:00",9160
55,"Automatic Data Processing",ADP,0,"Information Technology","Data Processing & Outsourced Services",1949,"1980-03-17 00:00:00","2021-10-29 00:00:00",10497
592,AutoNation,AN,0,NULL,NULL,NULL,"1990-05-11 00:00:00","2021-10-29 00:00:00",7919
56,AutoZone,AZO,0,"Consumer Discretionary","Specialty Stores",1979,"1991-04-02 00:00:00","2021-10-29 00:00:00",7706
57,"AvalonBay Communities",AVB,0,"Real Estate","Residential REITs",1978,"1994-03-11 00:00:00","2021-10-29 00:00:00",6959
762,Avaya,AV,0,NULL,NULL,NULL,NULL,NULL,0
58,"Avery Dennison",AVY,0,Materials,"Paper Packaging",1990,"1980-01-02 00:00:00","2021-10-29 00:00:00",10544
664,"Avon Products",AVP,0,NULL,NULL,NULL,NULL,NULL,0
59,"Baker Hughes",BKR,0,Energy,"Oil & Gas Equipment & Services",2017,"1987-04-06 00:00:00","2021-10-29 00:00:00",8714
60,"Ball Corp",BLL,0,Materials,"Metal & Glass Containers",1880,"1980-01-02 00:00:00","2021-10-29 00:00:00",10547
61,"Bank of America",BAC,0,Financials,"Diversified Banks",1998,"1980-01-02 00:00:00","2021-10-29 00:00:00",10547
62,"Bath & Body Works",BBWI,0,"Consumer Discretionary","Specialty Stores",1963,"1982-04-01 00:00:00","2021-10-29 00:00:00",9981
625,Baxalta,BXLT,0,NULL,NULL,NULL,NULL,NULL,0
63,"Baxter International",BAX,0,"Health Care","Health Care Equipment",1931,"1981-10-27 00:00:00","2021-10-29 00:00:00",10089
678,"Beam Inc",BEAM,0,NULL,NULL,NULL,"2020-02-06 00:00:00","2021-10-29 00:00:00",438
64,"Becton Dickinson",BDX,0,"Health Care","Health Care Equipment",1897,"1980-01-02 00:00:00","2021-10-29 00:00:00",10549
594,"Bed Bath & Beyond",BBBY,0,NULL,NULL,NULL,"1992-06-05 00:00:00","2021-10-29 00:00:00",7407
669,"Bemis Company",BMS,0,NULL,NULL,NULL,"1980-01-02 00:00:00","2019-06-10 00:00:00",9750
65,"Berkshire Hathaway",BRK.B,0,Financials,"Multi-Sector Holdings",1839,NULL,NULL,0
66,"Best Buy",BBY,0,"Consumer Discretionary","Computer & Electronics Retail",1966,"1985-04-18 00:00:00","2021-10-29 00:00:00",9205
773,"Bethlehem Steel",BS,0,NULL,NULL,NULL,NULL,NULL,0
698,"Big Lots",BIG,0,NULL,NULL,NULL,"1985-06-20 00:00:00","2021-10-29 00:00:00",9166
67,"Bio-Rad Laboratories",BIO,0,"Health Care","Life Sciences Tools & Services",1952,"1980-02-27 00:00:00","2021-10-29 00:00:00",10261
68,Bio-Techne,TECH,0,"Health Care","Life Sciences Tools & Services",1976,"1989-02-09 00:00:00","2021-10-29 00:00:00",8219
69,Biogen,BIIB,0,"Health Care",Biotechnology,1978,"1991-09-17 00:00:00","2021-10-29 00:00:00",7587
744,"BJ Services",BJS,0,NULL,NULL,NULL,NULL,NULL,0
70,BlackRock,BLK,0,Financials,"Asset Management & Custody Banks",1988,"1999-10-01 00:00:00","2021-10-29 00:00:00",5557
690,"BMC Software",BMC,0,NULL,NULL,NULL,"2012-06-18 00:00:00","2021-10-29 00:00:00",1495
71,"BNY Mellon",BK,0,Financials,"Asset Management & Custody Banks",1784,"1980-01-02 00:00:00","2021-10-29 00:00:00",10540
72,Boeing,BA,0,Industrials,"Aerospace & Defense",1916,"1980-01-02 00:00:00","2021-10-29 00:00:00",10549
73,"Booking Holdings",BKNG,0,"Consumer Discretionary","Internet & Direct Marketing Retail",1996,"1999-03-31 00:00:00","2021-10-29 00:00:00",5685
74,BorgWarner,BWA,0,"Consumer Discretionary","Auto Parts & Equipment",1880,"1993-08-13 00:00:00","2021-10-29 00:00:00",7106
75,"Boston Properties",BXP,0,"Real Estate","Office REITs",1970,"1997-06-18 00:00:00","2021-10-29 00:00:00",6134
76,"Boston Scientific",BSX,0,"Health Care","Health Care Equipment",1979,"1992-05-19 00:00:00","2021-10-29 00:00:00",7419
561,"Brighthouse Financial",BHF,0,NULL,NULL,NULL,"2017-07-17 00:00:00","2021-10-29 00:00:00",1082
77,"Bristol Myers Squibb",BMY,0,"Health Care","Health Care Distributors",1989,"1980-01-02 00:00:00","2021-10-29 00:00:00",10549
78,Broadcom,AVGO,0,"Information Technology",Semiconductors,1961,"2009-08-06 00:00:00","2021-10-29 00:00:00",3081
640,"Broadcom Corporation",BRCM,0,NULL,NULL,NULL,NULL,NULL,0
79,"Broadridge Financial Solutions",BR,0,"Information Technology","Data Processing & Outsourced Services",1962,"2007-03-22 00:00:00","2021-10-29 00:00:00",3680
80,"Brown & Brown",BRO,0,Financials,"Insurance Brokers",1939,"1981-02-11 00:00:00","2021-10-29 00:00:00",8744
81,Brown–Forman,BF.B,0,"Consumer Staples","Distillers & Vintners",1870,NULL,NULL,0
82,"C. H. Robinson",CHRW,0,Industrials,"Air Freight & Logistics",1905,"1997-10-16 00:00:00","2021-10-29 00:00:00",6050
571,"CA Technologies",CA,0,NULL,NULL,NULL,"1981-12-10 00:00:00","2018-11-05 00:00:00",9269
624,"Cablevision Systems",CVC,0,NULL,NULL,NULL,NULL,NULL,0
83,"Cadence Design Systems",CDNS,0,"Information Technology","Application Software",1988,"1987-06-10 00:00:00","2021-10-29 00:00:00",8669
84,"Caesars Entertainment",CZR,0,"Consumer Discretionary","Casinos & Gaming",1973,"2014-09-22 00:00:00","2021-10-29 00:00:00",1791
633,"Cameron International",CAM,0,NULL,NULL,NULL,NULL,NULL,0
85,"Campbell Soup",CPB,0,"Consumer Staples","Packaged Foods & Meats",1869,"1980-01-02 00:00:00","2021-10-29 00:00:00",10548
86,"Capital One",COF,0,Financials,"Consumer Finance",1994,"1994-11-16 00:00:00","2021-10-29 00:00:00",6787
538,"Capri Holdings",CPRI,0,NULL,NULL,NULL,"2011-12-15 00:00:00","2021-10-29 00:00:00",2485
87,"Cardinal Health",CAH,0,"Health Care","Health Care Distributors",1971,"1983-08-04 00:00:00","2021-10-29 00:00:00",9578
665,Carefusion,CFN,0,NULL,NULL,NULL,NULL,NULL,0
88,CarMax,KMX,0,"Consumer Discretionary","Specialty Stores",1993,"1997-02-04 00:00:00","2021-10-29 00:00:00",6227
89,"Carnival Corporation",CCL,0,"Consumer Discretionary","Hotels, Resorts & Cruise Lines",1972,"1987-07-24 00:00:00","2021-10-29 00:00:00",8638
90,"Carrier Global",CARR,0,Industrials,"Building Products",2020,"2020-03-19 00:00:00","2021-10-29 00:00:00",409
91,Catalent,CTLT,0,"Health Care",Pharmaceuticals,2007,"2014-07-31 00:00:00","2021-10-29 00:00:00",1827
92,Caterpillar,CAT,0,Industrials,"Construction Machinery & Heavy Trucks",1925,"1980-01-02 00:00:00","2021-10-29 00:00:00",10549
93,"Cboe Global Markets",CBOE,0,Financials,"Financial Exchanges & Data",1973,"2010-06-15 00:00:00","2021-10-29 00:00:00",2866
94,CBRE,CBRE,0,"Real Estate","Real Estate Services",1906,"2004-06-10 00:00:00","2021-10-29 00:00:00",4379
95,CDW,CDW,0,"Information Technology","Technology Distributors",1984,"2013-06-27 00:00:00","2021-10-29 00:00:00",2102
96,Celanese,CE,0,Materials,"Specialty Chemicals",1918,"2005-01-21 00:00:00","2021-10-29 00:00:00",4224
550,Celgene,CELG,0,NULL,NULL,NULL,NULL,NULL,0
97,Centene,CNC,0,"Health Care","Managed Health Care",1984,"2001-12-13 00:00:00","2021-10-29 00:00:00",5005
98,"CenterPoint Energy",CNP,0,Utilities,Multi-Utilities,1882,"1980-01-02 00:00:00","2021-10-29 00:00:00",10549
725,Cephalon,CEPH,0,NULL,NULL,NULL,NULL,NULL,0
99,Ceridian,CDAY,0,"Information Technology","Application Software",1992,"2018-04-26 00:00:00","2021-10-29 00:00:00",886
100,Cerner,CERN,0,"Health Care","Health Care Technology",1979,"1986-12-05 00:00:00","2021-10-29 00:00:00",8744
101,"CF Industries",CF,0,Materials,"Fertilizers & Agricultural Chemicals",1946,"2005-08-11 00:00:00","2021-10-29 00:00:00",4084
102,"Charles River Laboratories",CRL,0,"Health Care","Life Sciences Tools & Services",1947,"2000-06-23 00:00:00","2021-10-29 00:00:00",5373
103,"Charles Schwab",SCHW,0,Financials,"Investment Banking & Brokerage",1971,"1987-09-22 00:00:00","2021-10-29 00:00:00",8594
104,"Charter Communications",CHTR,0,"Communication Services","Cable & Satellite",1993,"2010-01-05 00:00:00","2021-10-29 00:00:00",2971
586,"Chesapeake Energy",CHK,0,NULL,NULL,NULL,"2021-02-10 00:00:00","2021-10-29 00:00:00",183
105,Chevron,CVX,0,Energy,"Integrated Oil & Gas",1879,"1980-01-02 00:00:00","2021-10-29 00:00:00",10548
106,"Chipotle Mexican Grill",CMG,0,"Consumer Discretionary",Restaurants,1993,"2006-01-26 00:00:00","2021-10-29 00:00:00",3969
107,Chubb,CB,0,Financials,"Property & Casualty Insurance",1985,"1993-03-25 00:00:00","2021-10-29 00:00:00",7204
641,Chubb,ACE,0,NULL,NULL,NULL,"2018-08-28 00:00:00","2020-01-24 00:00:00",113
108,"Church & Dwight",CHD,0,"Consumer Staples","Household Products",1847,"1980-03-17 00:00:00","2021-10-29 00:00:00",10284
746,Ciena,CIEN,0,NULL,NULL,NULL,"1997-02-07 00:00:00","2021-10-29 00:00:00",6224
109,Cigna,CI,0,"Health Care","Managed Health Care",1982,"1982-03-31 00:00:00","2021-10-29 00:00:00",9980
543,"Cimarex Energy",XEC,0,NULL,NULL,NULL,"2002-09-25 00:00:00","2021-09-30 00:00:00",4788
110,"Cincinnati Financial",CINF,0,Financials,"Property & Casualty Insurance",1950,"1980-03-17 00:00:00","2021-10-29 00:00:00",10447
111,"Cintas Corporation",CTAS,0,Industrials,"Diversified Support Services",1929,"1983-08-19 00:00:00","2021-10-29 00:00:00",9591
112,"Cisco Systems",CSCO,0,"Information Technology","Communications Equipment",1984,"1990-02-16 00:00:00","2021-10-29 00:00:00",7988
113,Citigroup,C,0,Financials,"Diversified Banks",1998,"1980-01-02 00:00:00","2021-10-29 00:00:00",10547
114,"Citizens Financial Group",CFG,0,Financials,"Regional Banks",1828,"2014-09-24 00:00:00","2021-10-29 00:00:00",1789
115,"Citrix Systems",CTXS,0,"Information Technology","Application Software",1989,"1995-12-08 00:00:00","2021-10-29 00:00:00",6519
680,"Cliffs Natural Resources",CLF,0,NULL,NULL,NULL,"1980-01-02 00:00:00","2021-10-29 00:00:00",10539
116,Clorox,CLX,0,"Consumer Staples","Household Products",1913,"1980-01-02 00:00:00","2021-10-29 00:00:00",10547
117,"CME Group",CME,0,Financials,"Financial Exchanges & Data",1848,"2002-12-06 00:00:00","2021-10-29 00:00:00",4758
118,"CMS Energy",CMS,0,Utilities,Multi-Utilities,1886,"1980-01-02 00:00:00","2021-10-29 00:00:00",10546
119,Coca-Cola,KO,0,"Consumer Staples","Soft Drinks",1886,"1980-01-02 00:00:00","2021-10-29 00:00:00",10549
626,"Coca-Cola Enterprises",CCE,0,NULL,NULL,NULL,"2019-02-27 00:00:00","2020-04-29 00:00:00",137
120,"Cognizant Technology Solutions",CTSH,0,"Information Technology","IT Consulting & Other Services",1994,"1998-06-19 00:00:00","2021-10-29 00:00:00",5881
121,Colgate-Palmolive,CL,0,"Consumer Staples","Household Products",1806,"1980-01-02 00:00:00","2021-10-29 00:00:00",10548
621,"Columbia Pipeline Group",CPGX,0,NULL,NULL,NULL,NULL,NULL,0
122,Comcast,CMCSA,0,"Communication Services","Cable & Satellite",1963,"1980-03-17 00:00:00","2021-10-29 00:00:00",10478
644,"Comcast K Corp",CMCSK,0,NULL,NULL,NULL,NULL,NULL,0
123,Comerica,CMA,0,Financials,"Diversified Banks",1849,"1980-03-17 00:00:00","2021-10-29 00:00:00",10456
645,"Computer Sciences Corporation",CSC,0,NULL,NULL,NULL,"2012-06-18 00:00:00","2012-06-18 00:00:00",1
717,Compuware,CPWR,0,NULL,NULL,NULL,"2017-06-21 00:00:00","2021-10-29 00:00:00",940
124,"Conagra Brands",CAG,0,"Consumer Staples","Packaged Foods & Meats",1919,"1980-03-17 00:00:00","2021-10-29 00:00:00",10496
526,"Concho Resources",CXO,0,NULL,NULL,NULL,NULL,NULL,0
125,ConocoPhillips,COP,0,Energy,"Oil & Gas Exploration & Production",2002,"1981-12-31 00:00:00","2021-10-29 00:00:00",10043
637,"Consol Energy",CNX,0,NULL,NULL,NULL,"1999-04-30 00:00:00","2021-10-29 00:00:00",5664
126,"Consolidated Edison",ED,0,Utilities,"Electric Utilities",1823,"1980-01-02 00:00:00","2021-10-29 00:00:00",10548
127,"Constellation Brands",STZ,0,"Consumer Staples","Distillers & Vintners",1945,"1992-03-17 00:00:00","2021-10-29 00:00:00",7463
716,"Constellation Energy Group",CEG,0,NULL,NULL,NULL,"1996-08-13 00:00:00","2018-01-26 00:00:00",4460
749,Convergys,CVG,0,NULL,NULL,NULL,"1998-08-13 00:00:00","2021-11-01 00:00:00",3935
752,"Cooper Industries",CBE,0,NULL,NULL,NULL,NULL,NULL,0
702,"Cooper Industries",CBE,0,NULL,NULL,NULL,NULL,NULL,0
129,Copart,CPRT,0,Industrials,"Diversified Support Services",1982,"1994-03-17 00:00:00","2021-10-29 00:00:00",6955
130,Corning,GLW,0,"Information Technology","Electronic Components",1851,"1981-12-31 00:00:00","2021-10-29 00:00:00",10043
131,Corteva,CTVA,0,Materials,"Fertilizers & Agricultural Chemicals",2019,"2019-05-24 00:00:00","2021-10-29 00:00:00",615
132,Costco,COST,0,"Consumer Staples","Hypermarkets & Super Centers",1976,"1986-07-09 00:00:00","2021-10-29 00:00:00",8902
133,Coterra,CTRA,0,Energy,"Oil & Gas Exploration & Production",2021,"1990-02-08 00:00:00","2021-10-29 00:00:00",7982
532,Coty,COTY,0,NULL,NULL,NULL,"2013-06-13 00:00:00","2021-10-29 00:00:00",2112
696,"Coventry Health Care",CVH,0,NULL,NULL,NULL,"2018-09-26 00:00:00","2018-09-26 00:00:00",1
668,Covidien,COV,0,NULL,NULL,NULL,"2012-06-18 00:00:00","2016-12-29 00:00:00",60
588,"CR Bard",BCR,0,NULL,NULL,NULL,NULL,NULL,0
134,"Crown Castle",CCI,0,"Real Estate","Specialized REITs",1994,"1998-08-18 00:00:00","2021-10-29 00:00:00",5840
776,"Crown Holdings",CCK,0,NULL,NULL,NULL,"1980-03-17 00:00:00","2021-10-29 00:00:00",10496
583,CSRA,CSRA,0,NULL,NULL,NULL,"2015-11-16 00:00:00","2018-04-03 00:00:00",598
135,CSX,CSX,0,Industrials,Railroads,1980,"1980-11-03 00:00:00","2021-10-29 00:00:00",10336
136,Cummins,CMI,0,Industrials,"Industrial Machinery",1919,"1980-01-02 00:00:00","2021-10-29 00:00:00",10548
137,"CVS Health",CVS,0,"Health Care","Health Care Services",1996,"1980-01-02 00:00:00","2021-10-29 00:00:00",10549
138,"D. R. Horton",DHI,0,"Consumer Discretionary",Homebuilding,1978,"1992-06-05 00:00:00","2021-10-29 00:00:00",7406
139,Danaher,DHR,0,"Health Care","Health Care Equipment",1969,"1980-01-02 00:00:00","2021-10-29 00:00:00",10489
140,"Darden Restaurants",DRI,0,"Consumer Discretionary",Restaurants,1938,"1995-05-09 00:00:00","2021-10-29 00:00:00",6668
141,DaVita,DVA,0,"Health Care","Health Care Facilities",1979,"1995-10-31 00:00:00","2021-10-29 00:00:00",6546
695,"Dean Foods",DF,0,NULL,NULL,NULL,NULL,NULL,0
142,"Deere & Co.",DE,0,Industrials,"Agricultural & Farm Machinery",1837,"1980-01-02 00:00:00","2021-10-29 00:00:00",10549
688,Dell,DELL,0,NULL,NULL,NULL,"2016-08-17 00:00:00","2021-10-29 00:00:00",1311
143,"Delta Air Lines",DAL,0,Industrials,Airlines,1929,"2007-05-03 00:00:00","2021-10-29 00:00:00",3651
662,"Denbury Resources",DNR,0,NULL,NULL,NULL,NULL,NULL,0
144,"Dentsply Sirona",XRAY,0,"Health Care","Health Care Supplies",2016,"1987-08-12 00:00:00","2021-10-29 00:00:00",8474
145,"Devon Energy",DVN,0,Energy,"Oil & Gas Exploration & Production",1971,"1985-07-22 00:00:00","2021-10-29 00:00:00",9082
706,DeVry,DV,0,NULL,NULL,NULL,"2021-04-21 00:00:00","2021-10-29 00:00:00",135
146,DexCom,DXCM,0,"Health Care","Health Care Equipment",1999,"2005-04-14 00:00:00","2021-10-29 00:00:00",4167
617,"Diamond Offshore Drilling",DO,0,NULL,NULL,NULL,NULL,NULL,0
147,"Diamondback Energy",FANG,0,Energy,"Oil & Gas Exploration & Production",2007,"2012-10-12 00:00:00","2021-10-29 00:00:00",2277
148,"Digital Realty Trust",DLR,0,"Real Estate","Specialized REITs",2004,"2004-10-29 00:00:00","2021-10-29 00:00:00",4281
652,DirecTV,DTV,0,NULL,NULL,NULL,NULL,NULL,0
149,"Discover Financial Services",DFS,0,Financials,"Consumer Finance",1985,"2007-06-14 00:00:00","2021-10-29 00:00:00",3622
150,"Discovery (Series A)",DISCA,0,"Communication Services",Broadcasting,1985,"2005-07-08 00:00:00","2021-10-29 00:00:00",4108
151,"Discovery (Series C)",DISCK,0,"Communication Services",Broadcasting,1985,"2008-09-18 00:00:00","2021-10-29 00:00:00",3303
152,"Dish Network",DISH,0,"Communication Services","Cable & Satellite",1980,"1995-06-21 00:00:00","2021-10-29 00:00:00",6638
153,"Dollar General",DG,0,"Consumer Discretionary","General Merchandise Stores",1939,"2009-11-13 00:00:00","2021-10-29 00:00:00",3011
154,"Dollar Tree",DLTR,0,"Consumer Discretionary","General Merchandise Stores",1986,"1995-03-07 00:00:00","2021-10-29 00:00:00",6712
155,"Dominion Energy",D,0,Utilities,"Electric Utilities",1983,"1980-03-17 00:00:00","2021-10-29 00:00:00",10495
156,"Domino's Pizza",DPZ,0,"Consumer Discretionary",Restaurants,1960,"2004-07-13 00:00:00","2021-10-29 00:00:00",4358
157,"Dover Corporation",DOV,0,Industrials,"Industrial Machinery",1955,"1980-03-17 00:00:00","2021-10-29 00:00:00",10495
158,Dow,DOW,0,Materials,"Commodity Chemicals",2019,"2019-03-20 00:00:00","2021-10-29 00:00:00",661
761,"Dow Jones",DJ,0,NULL,NULL,NULL,NULL,NULL,0
576,"Dr Pepper Snapple Group",DPS,0,NULL,NULL,NULL,NULL,NULL,0
159,"DTE Energy",DTE,0,Utilities,Multi-Utilities,1995,"1980-01-02 00:00:00","2021-10-29 00:00:00",10549
160,"Duke Energy",DUK,0,Utilities,"Electric Utilities",1904,"1980-03-17 00:00:00","2021-10-29 00:00:00",10497
161,"Duke Realty Corp",DRE,0,"Real Estate","Industrial REITs",1972,"1986-02-06 00:00:00","2021-10-29 00:00:00",8966
603,"Dun & Bradstreet",DNB,0,NULL,NULL,NULL,"2020-07-01 00:00:00","2021-10-29 00:00:00",337
162,DuPont,DD,0,Materials,"Specialty Chemicals",2017,"1980-01-02 00:00:00","2021-10-29 00:00:00",10549
559,DuPont,DWDP,0,NULL,NULL,NULL,NULL,NULL,0
163,"DXC Technology",DXC,0,"Information Technology","IT Consulting & Other Services",2017,"1981-12-31 00:00:00","2021-10-29 00:00:00",10044
747,Dynegy,DYN,0,NULL,NULL,NULL,"2020-09-17 00:00:00","2021-10-29 00:00:00",283
530,E-Trade,ETFC,0,NULL,NULL,NULL,NULL,NULL,0
164,"Eastman Chemical",EMN,0,Materials,"Diversified Chemicals",1920,"1993-12-14 00:00:00","2021-10-29 00:00:00",7021
736,"Eastman Kodak",EK,0,NULL,NULL,NULL,NULL,NULL,0
165,"Eaton Corporation",ETN,0,Industrials,"Electrical Components & Equipment",1911,"1980-01-02 00:00:00","2021-10-29 00:00:00",10549
166,eBay,EBAY,0,"Consumer Discretionary","Internet & Direct Marketing Retail",1995,"1998-09-24 00:00:00","2021-10-29 00:00:00",5814
167,Ecolab,ECL,0,Materials,"Specialty Chemicals",1923,"1980-01-02 00:00:00","2021-10-29 00:00:00",10544
168,"Edison International",EIX,0,Utilities,"Electric Utilities",1886,"1980-01-02 00:00:00","2021-10-29 00:00:00",10549
169,"Edwards Lifesciences",EW,0,"Health Care","Health Care Equipment",1958,"2000-03-27 00:00:00","2021-10-29 00:00:00",5435
713,"El Paso Corporation",EP,0,NULL,NULL,NULL,"1996-08-08 00:00:00","2018-01-25 00:00:00",2139
170,"Electronic Arts",EA,0,"Communication Services","Interactive Home Entertainment",1982,"1989-09-20 00:00:00","2021-10-29 00:00:00",8092
289,"Eli Lilly",LLY,0,"Health Care",Pharmaceuticals,1876,"1980-01-02 00:00:00","2021-10-29 00:00:00",10547
619,"EMC Corporation",EMC,0,NULL,NULL,NULL,"2012-11-29 00:00:00","2021-10-29 00:00:00",1615
171,"Emerson Electric",EMR,0,Industrials,"Electrical Components & Equipment",1890,"1980-01-02 00:00:00","2021-10-29 00:00:00",10548
610,"Endo International",ENDP,0,NULL,NULL,NULL,"2000-07-18 00:00:00","2021-10-29 00:00:00",5357
172,"Enphase Energy",ENPH,0,"Information Technology","Electronic Components",2006,"2012-03-30 00:00:00","2021-10-29 00:00:00",2413
635,"Ensco plc",ESV,0,NULL,NULL,NULL,NULL,NULL,0
173,Entergy,ETR,0,Utilities,"Electric Utilities",1913,"1980-01-02 00:00:00","2021-10-29 00:00:00",10548
572,"Envision Healthcare",EVHC,0,NULL,NULL,NULL,"2013-08-14 00:00:00","2018-10-10 00:00:00",1299
174,"EOG Resources",EOG,0,Energy,"Oil & Gas Exploration & Production",1999,"1989-10-04 00:00:00","2021-10-29 00:00:00",8082
570,EQT,EQT,0,NULL,NULL,NULL,"1980-03-17 00:00:00","2021-10-29 00:00:00",10497
175,Equifax,EFX,0,Industrials,"Research & Consulting Services",1899,"1980-03-17 00:00:00","2021-10-29 00:00:00",10473
176,Equinix,EQIX,0,"Real Estate","Specialized REITs",1998,"2000-08-11 00:00:00","2021-10-29 00:00:00",5339
177,"Equity Residential",EQR,0,"Real Estate","Residential REITs",1969,"1993-08-12 00:00:00","2021-10-29 00:00:00",7107
178,"Essex Property Trust",ESS,0,"Real Estate","Residential REITs",1971,"1994-06-07 00:00:00","2021-10-29 00:00:00",6901
179,"Estée Lauder Companies",EL,0,"Consumer Staples","Personal Products",1946,"1995-11-17 00:00:00","2021-10-29 00:00:00",6533
180,Etsy,ETSY,0,"Consumer Discretionary","Internet & Direct Marketing Retail",2005,"2015-04-16 00:00:00","2021-10-29 00:00:00",1649
183,"Everest Re",RE,0,Financials,Reinsurance,1973,"1995-10-03 00:00:00","2021-10-29 00:00:00",6566
181,Evergy,EVRG,0,Utilities,"Electric Utilities",1909,"1980-01-02 00:00:00","2021-10-29 00:00:00",10539
182,"Eversource Energy",ES,0,Utilities,Multi-Utilities,1966,"1980-01-02 00:00:00","2021-10-29 00:00:00",10542
184,Exelon,EXC,0,Utilities,Multi-Utilities,2000,"1980-01-02 00:00:00","2021-10-29 00:00:00",10549
185,"Expedia Group",EXPE,0,"Consumer Discretionary","Internet & Direct Marketing Retail",1996,"2005-07-21 00:00:00","2021-10-29 00:00:00",4099
186,Expeditors,EXPD,0,Industrials,"Air Freight & Logistics",1979,"1984-09-26 00:00:00","2021-10-29 00:00:00",9295
566,"Express Scripts",ESRX,0,NULL,NULL,NULL,"1992-06-09 00:00:00","2018-12-21 00:00:00",6673
187,"Extra Space Storage",EXR,0,"Real Estate","Specialized REITs",1977,"2004-08-16 00:00:00","2021-10-29 00:00:00",4334
188,ExxonMobil,XOM,0,Energy,"Integrated Oil & Gas",1999,"1980-01-02 00:00:00","2021-10-29 00:00:00",10548
189,"F5 Networks",FFIV,0,"Information Technology","Communications Equipment",1996,"1999-06-04 00:00:00","2021-10-29 00:00:00",5640
190,Facebook,FB,0,"Communication Services","Interactive Media & Services",2004,"2012-05-18 00:00:00","2021-10-29 00:00:00",2379
654,"Family Dollar",FDO,0,NULL,NULL,NULL,NULL,NULL,0
758,"Fannie Mae",FNM,0,NULL,NULL,NULL,NULL,NULL,0
191,Fastenal,FAST,0,Industrials,"Building Products",1967,"1987-08-20 00:00:00","2021-10-29 00:00:00",8610
192,"Federal Realty Investment Trust",FRT,0,"Real Estate","Retail REITs",1962,"1980-01-04 00:00:00","2021-10-29 00:00:00",10408
699,"Federated Investors",FII,0,NULL,NULL,NULL,NULL,NULL,0
193,FedEx,FDX,0,Industrials,"Air Freight & Logistics",1971,"1980-01-02 00:00:00","2021-10-29 00:00:00",10549
194,"Fidelity National Information Services",FIS,0,"Information Technology","Data Processing & Outsourced Services",1968,"2001-06-20 00:00:00","2021-10-29 00:00:00",5124
195,"Fifth Third Bancorp",FITB,0,Financials,"Regional Banks",1858,"1980-03-17 00:00:00","2021-10-29 00:00:00",10260
766,"First Data",FDC,0,NULL,NULL,NULL,NULL,NULL,0
693,"First Horizon",FHN,0,NULL,NULL,NULL,"1980-03-17 00:00:00","2021-10-29 00:00:00",10482
197,"First Republic Bank",FRC,0,Financials,"Regional Banks",1985,"2010-12-09 00:00:00","2021-10-29 00:00:00",2742
607,"First Solar",FSLR,0,NULL,NULL,NULL,"2006-11-17 00:00:00","2021-10-29 00:00:00",3763
196,FirstEnergy,FE,0,Utilities,"Electric Utilities",1997,"1997-11-10 00:00:00","2021-10-29 00:00:00",6033
198,Fiserv,FISV,0,"Information Technology","Data Processing & Outsourced Services",1984,"1986-09-25 00:00:00","2021-10-29 00:00:00",8836
199,Fleetcor,FLT,0,"Information Technology","Data Processing & Outsourced Services",2000,"2010-12-15 00:00:00","2021-10-29 00:00:00",2738
519,"FLIR Systems",FLIR,0,NULL,NULL,NULL,NULL,NULL,0
521,Flowserve,FLS,0,NULL,NULL,NULL,"1980-03-17 00:00:00","2021-10-29 00:00:00",10442
560,"Fluor Corporation",FLR,0,NULL,NULL,NULL,"2000-12-01 00:00:00","2021-10-29 00:00:00",5261
200,"FMC Corporation",FMC,0,Materials,"Fertilizers & Agricultural Chemicals",1883,"1980-03-17 00:00:00","2021-10-29 00:00:00",10497
555,"Foot Locker",FL,0,NULL,NULL,NULL,"1980-01-02 00:00:00","2021-10-29 00:00:00",10549
201,Ford,F,0,"Consumer Discretionary","Automobile Manufacturers",1903,"1980-01-02 00:00:00","2021-10-29 00:00:00",10549
675,"Forest Laboratories",FRX,0,NULL,NULL,NULL,NULL,NULL,0
202,Fortinet,FTNT,0,"Information Technology","Systems Software",2000,"2009-11-18 00:00:00","2021-10-29 00:00:00",3008
203,Fortive,FTV,0,Industrials,"Industrial Machinery",2016,"2016-07-05 00:00:00","2021-10-29 00:00:00",1342
204,"Fortune Brands Home & Security",FBHS,0,Industrials,"Building Products",2011,"2011-09-16 00:00:00","2021-10-29 00:00:00",2548
642,"Fossil Group",FOSL,0,NULL,NULL,NULL,"1993-04-08 00:00:00","2021-10-29 00:00:00",7194
205,"Fox Corporation (Class A)",FOXA,0,"Communication Services","Movies & Entertainment",2019,"2019-03-12 00:00:00","2021-10-29 00:00:00",667
206,"Fox Corporation (Class B)",FOX,0,"Communication Services","Movies & Entertainment",2019,"2019-03-13 00:00:00","2021-10-29 00:00:00",666
207,"Franklin Resources",BEN,0,Financials,"Asset Management & Custody Banks",1947,"1983-09-23 00:00:00","2021-10-29 00:00:00",9570
757,"Freddie Mac",FRE,0,NULL,NULL,NULL,NULL,NULL,0
208,Freeport-McMoRan,FCX,0,Materials,Copper,1912,"1995-07-10 00:00:00","2021-10-29 00:00:00",6626
606,"Frontier Communications",FTR,0,NULL,NULL,NULL,NULL,NULL,0
631,GameStop,GME,0,NULL,NULL,NULL,"2002-02-13 00:00:00","2021-10-29 00:00:00",4964
209,Gap,GPS,0,"Consumer Discretionary","Apparel Retail",1969,"1980-03-17 00:00:00","2021-10-29 00:00:00",10496
210,Garmin,GRMN,0,"Consumer Discretionary","Consumer Electronics",1989,"2000-12-08 00:00:00","2021-10-29 00:00:00",5256
211,Gartner,IT,0,"Information Technology","IT Consulting & Other Services",1979,"1993-10-05 00:00:00","2021-10-29 00:00:00",7070
212,"Generac Holdings",GNRC,0,Industrials,"Electrical Components & Equipment",1959,"2010-02-11 00:00:00","2021-10-29 00:00:00",2951
213,"General Dynamics",GD,0,Industrials,"Aerospace & Defense",1899,"1980-01-02 00:00:00","2021-10-29 00:00:00",10549
214,"General Electric",GE,0,Industrials,"Industrial Conglomerates",1892,"1980-01-02 00:00:00","2021-10-29 00:00:00",10548
215,"General Mills",GIS,0,"Consumer Staples","Packaged Foods & Meats",1856,"1980-03-17 00:00:00","2021-10-29 00:00:00",10497
216,"General Motors",GM,0,"Consumer Discretionary","Automobile Manufacturers",1908,"2010-11-18 00:00:00","2021-10-29 00:00:00",2756
217,"Genuine Parts",GPC,0,"Consumer Discretionary","Specialty Stores",1925,"1980-03-17 00:00:00","2021-10-29 00:00:00",10497
647,"Genworth Financial",GNW,0,NULL,NULL,NULL,"2004-05-25 00:00:00","2021-10-29 00:00:00",4390
731,Genzyme,GENZ,0,NULL,NULL,NULL,NULL,NULL,0
575,GGP,GGP,0,NULL,NULL,NULL,NULL,NULL,0
218,"Gilead Sciences",GILD,0,"Health Care",Biotechnology,1987,"1992-01-22 00:00:00","2021-10-29 00:00:00",7500
220,"Global Payments",GPN,0,"Information Technology","Data Processing & Outsourced Services",2000,"2001-01-16 00:00:00","2021-10-29 00:00:00",5232
219,"Globe Life",GL,0,Financials,"Life & Health Insurance",1900,"1980-10-01 00:00:00","2021-10-29 00:00:00",10356
221,"Goldman Sachs",GS,0,Financials,"Investment Banking & Brokerage",1869,"1999-05-04 00:00:00","2021-10-29 00:00:00",5662
708,"Goodrich Corporation",GR,0,NULL,NULL,NULL,"2001-01-02 00:00:00","2018-01-30 00:00:00",2711
672,"Graham Holdings",GHC,0,NULL,NULL,NULL,"1980-01-02 00:00:00","2021-10-29 00:00:00",10525
771,"Great Lakes Chemical",GLK,0,NULL,NULL,NULL,"2004-01-30 00:00:00","2017-01-03 00:00:00",647
531,"H&R Block",HRB,0,NULL,NULL,NULL,"1980-01-02 00:00:00","2021-10-29 00:00:00",10549
223,Halliburton,HAL,0,Energy,"Oil & Gas Equipment & Services",1919,"1980-01-02 00:00:00","2021-10-29 00:00:00",10549
224,Hanesbrands,HBI,0,"Consumer Discretionary","Apparel, Accessories & Luxury Goods",2000,"2006-09-06 00:00:00","2021-10-29 00:00:00",3815
535,Harley-Davidson,HOG,0,NULL,NULL,NULL,"1986-07-08 00:00:00","2021-10-29 00:00:00",8903
608,"Harman International",HAR,0,NULL,NULL,NULL,"2013-01-17 00:00:00","2021-10-29 00:00:00",2133
226,Hasbro,HAS,0,"Consumer Discretionary","Leisure Products",1923,"1980-03-17 00:00:00","2021-10-29 00:00:00",10440
227,"HCA Healthcare",HCA,0,"Health Care","Health Care Facilities",1968,"2011-03-10 00:00:00","2021-10-29 00:00:00",2680
228,"Healthpeak Properties",PEAK,0,"Real Estate","Health Care REITs",1985,"1985-05-23 00:00:00","2021-10-29 00:00:00",9185
694,Heinz,HNZ,0,NULL,NULL,NULL,"1980-01-02 00:00:00","2018-01-03 00:00:00",8796
537,"Helmerich & Payne",HP,0,NULL,NULL,NULL,"1980-10-15 00:00:00","2021-10-29 00:00:00",10348
229,"Henry Schein",HSIC,0,"Health Care","Health Care Distributors",1932,"1995-11-03 00:00:00","2021-10-29 00:00:00",6543
231,"Hess Corporation",HES,0,Energy,"Integrated Oil & Gas",1919,"1980-03-17 00:00:00","2021-10-29 00:00:00",10497
232,"Hewlett Packard Enterprise",HPE,0,"Information Technology","Technology Hardware, Storage & Peripherals",2015,"2015-10-19 00:00:00","2021-10-29 00:00:00",1520
233,"Hilton Worldwide",HLT,0,"Consumer Discretionary","Hotels, Resorts & Cruise Lines",1919,"2013-12-12 00:00:00","2021-10-29 00:00:00",1985
518,HollyFrontier,HFC,0,NULL,NULL,NULL,"1980-03-17 00:00:00","2021-10-29 00:00:00",10335
234,Hologic,HOLX,0,"Health Care","Health Care Equipment",1985,"1990-03-01 00:00:00","2021-10-29 00:00:00",7977
235,"Home Depot",HD,0,"Consumer Discretionary","Home Improvement Retail",1978,"1981-09-22 00:00:00","2021-10-29 00:00:00",10088
236,Honeywell,HON,0,Industrials,"Industrial Conglomerates",1906,"1980-01-02 00:00:00","2021-10-29 00:00:00",10548
237,Hormel,HRL,0,"Consumer Staples","Packaged Foods & Meats",1891,"1980-03-17 00:00:00","2021-10-29 00:00:00",10449
650,Hospira,HSP,0,NULL,NULL,NULL,NULL,NULL,0
238,"Host Hotels & Resorts",HST,0,"Real Estate","Hotel & Resort REITs",1993,"1980-03-17 00:00:00","2021-10-29 00:00:00",10496
239,"Howmet Aerospace",HWM,0,Industrials,"Aerospace & Defense",2016,"2016-11-01 00:00:00","2021-10-29 00:00:00",1258
240,HP,HPQ,0,"Information Technology","Technology Hardware, Storage & Peripherals",1939,"1980-01-02 00:00:00","2021-10-29 00:00:00",10549
648,"Hudson City Bancorp",HCBK,0,NULL,NULL,NULL,NULL,NULL,0
241,Humana,HUM,0,"Health Care","Managed Health Care",1961,"1981-12-31 00:00:00","2021-10-29 00:00:00",10044
242,"Huntington Bancshares",HBAN,0,Financials,"Regional Banks",1866,"1980-03-17 00:00:00","2021-10-29 00:00:00",10434
243,"Huntington Ingalls Industries",HII,0,Industrials,"Aerospace & Defense",2011,"2011-03-22 00:00:00","2021-10-29 00:00:00",2672
253,IBM,IBM,0,"Information Technology","IT Consulting & Other Services",1911,"1980-01-02 00:00:00","2021-10-29 00:00:00",10549
244,"IDEX Corporation",IEX,0,Industrials,"Industrial Machinery",1988,"1989-06-02 00:00:00","2021-10-29 00:00:00",8160
245,"Idexx Laboratories",IDXX,0,"Health Care","Health Care Equipment",1983,"1991-06-21 00:00:00","2021-10-29 00:00:00",7649
246,"IHS Markit",INFO,0,Industrials,"Research & Consulting Services",1959,"2014-06-19 00:00:00","2021-10-29 00:00:00",1856
247,"Illinois Tool Works",ITW,0,Industrials,"Industrial Machinery",1912,"1980-01-02 00:00:00","2021-10-29 00:00:00",10533
248,Illumina,ILMN,0,"Health Care","Life Sciences Tools & Services",1998,"2000-07-28 00:00:00","2021-10-29 00:00:00",5349
745,"IMS Health",RX,0,NULL,NULL,NULL,"2006-02-03 00:00:00","2018-02-22 00:00:00",24
249,Incyte,INCY,0,"Health Care",Biotechnology,1991,"1993-11-04 00:00:00","2021-10-29 00:00:00",7047
250,"Ingersoll Rand",IR,0,Industrials,"Industrial Machinery",1859,"2017-05-12 00:00:00","2021-10-29 00:00:00",1126
657,"Integrys Energy Group",TEG,0,NULL,NULL,NULL,"2015-12-22 00:00:00","2021-10-29 00:00:00",1364
251,Intel,INTC,0,"Information Technology",Semiconductors,1968,"1980-03-17 00:00:00","2021-10-29 00:00:00",10496
252,"Intercontinental Exchange",ICE,0,Financials,"Financial Exchanges & Data",2000,"2005-11-16 00:00:00","2021-10-29 00:00:00",4016
256,"International Flavors & Fragrances",IFF,0,Materials,"Specialty Chemicals",1958,"1980-01-02 00:00:00","2021-10-29 00:00:00",10549
676,"International Game Technology",IGT,0,NULL,NULL,NULL,"1990-03-26 00:00:00","2021-10-29 00:00:00",7963
254,"International Paper",IP,0,Materials,"Paper Packaging",1898,"1980-01-02 00:00:00","2021-10-29 00:00:00",10549
255,"Interpublic Group",IPG,0,"Communication Services",Advertising,1961,"1980-03-17 00:00:00","2021-10-29 00:00:00",10472
257,Intuit,INTU,0,"Information Technology","Application Software",1983,"1993-03-12 00:00:00","2021-10-29 00:00:00",7213
258,"Intuitive Surgical",ISRG,0,"Health Care","Health Care Equipment",1995,"2000-06-16 00:00:00","2021-10-29 00:00:00",5378
259,Invesco,IVZ,0,Financials,"Asset Management & Custody Banks",1935,"1995-08-25 00:00:00","2021-10-29 00:00:00",6591
260,"IPG Photonics",IPGP,0,"Information Technology","Electronic Manufacturing Services",1990,"2006-12-13 00:00:00","2021-10-29 00:00:00",3746
261,IQVIA,IQV,0,"Health Care","Life Sciences Tools & Services",1982,"2013-05-09 00:00:00","2021-10-29 00:00:00",2136
262,"Iron Mountain",IRM,0,"Real Estate","Specialized REITs",1951,"1996-02-01 00:00:00","2021-10-29 00:00:00",6480
724,ITT,ITT,0,NULL,NULL,NULL,"1995-12-15 00:00:00","2021-10-29 00:00:00",6514
265,"J. B. Hunt",JBHT,0,Industrials,Trucking,1961,"1983-11-22 00:00:00","2021-10-29 00:00:00",9539
670,"Jabil Circuit",JBL,0,NULL,NULL,NULL,"1993-05-03 00:00:00","2021-10-29 00:00:00",7175
263,"Jack Henry & Associates",JKHY,0,"Information Technology","Data Processing & Outsourced Services",1976,"1985-11-20 00:00:00","2021-10-29 00:00:00",8798
264,"Jacobs Engineering Group",J,0,Industrials,"Construction & Engineering",1947,"1980-03-17 00:00:00","2021-10-29 00:00:00",10407
723,"Janus Capital Group",JNS,0,NULL,NULL,NULL,NULL,NULL,0
686,JCPenney,JCP,0,NULL,NULL,NULL,NULL,NULL,0
684,"JDS Uniphase",JDSU,0,NULL,NULL,NULL,NULL,NULL,0
552,"Jefferies Financial Group",JEF,0,NULL,NULL,NULL,"1980-03-17 00:00:00","2021-10-29 00:00:00",10401
266,"JM Smucker",SJM,0,"Consumer Staples","Packaged Foods & Meats",1897,"1994-10-31 00:00:00","2021-10-29 00:00:00",6794
267,"Johnson & Johnson",JNJ,0,"Health Care",Pharmaceuticals,1886,"1980-01-02 00:00:00","2021-10-29 00:00:00",10549
268,"Johnson Controls",JCI,0,Industrials,"Building Products",1885,"1987-09-28 00:00:00","2021-10-29 00:00:00",8593
754,"Jones Apparel Group",JNY,0,NULL,NULL,NULL,"1991-05-16 00:00:00","2016-01-27 00:00:00",5765
649,"Joy Global",JOY,0,NULL,NULL,NULL,NULL,NULL,0
269,"JPMorgan Chase",JPM,0,Financials,"Diversified Banks",2000,"1980-03-17 00:00:00","2021-10-29 00:00:00",10497
270,"Juniper Networks",JNPR,0,"Information Technology","Communications Equipment",1996,"1999-06-25 00:00:00","2021-10-29 00:00:00",5625
271,"Kansas City Southern",KSU,0,Industrials,Railroads,1887,"1980-03-17 00:00:00","2021-10-29 00:00:00",10496
748,"KB Home",KBH,0,NULL,NULL,NULL,"1986-08-01 00:00:00","2021-10-29 00:00:00",8873
272,Kellogg's,K,0,"Consumer Staples","Packaged Foods & Meats",1906,"1980-01-02 00:00:00","2021-10-29 00:00:00",10549
636,"Keurig Green Mountain",GMCR,0,NULL,NULL,NULL,NULL,NULL,0
273,KeyCorp,KEY,0,Financials,"Regional Banks",1825,"1987-11-05 00:00:00","2021-10-29 00:00:00",8565
274,"Keysight Technologies",KEYS,0,"Information Technology","Electronic Equipment & Instruments",2014,"2014-10-20 00:00:00","2021-10-29 00:00:00",1771
767,KeySpan,KSE,0,NULL,NULL,NULL,"2009-11-05 00:00:00","2015-01-28 00:00:00",1165
275,Kimberly-Clark,KMB,0,"Consumer Staples","Household Products",1872,"1980-03-17 00:00:00","2021-10-29 00:00:00",10497
276,"Kimco Realty",KIM,0,"Real Estate","Retail REITs",1958,"1991-11-22 00:00:00","2021-10-29 00:00:00",7541
277,"Kinder Morgan",KMI,0,Energy,"Oil & Gas Storage & Transportation",1997,"2011-02-11 00:00:00","2021-10-29 00:00:00",2698
735,"King Pharmaceuticals",KG,0,NULL,NULL,NULL,"2012-06-18 00:00:00","2021-10-21 00:00:00",475
278,"KLA Corporation",KLAC,0,"Information Technology","Semiconductor Equipment",1975,"1980-10-08 00:00:00","2021-10-29 00:00:00",10302
533,Kohl's,KSS,0,NULL,NULL,NULL,"1992-05-19 00:00:00","2021-10-29 00:00:00",7419
655,"Kraft Foods",KRFT,0,NULL,NULL,NULL,NULL,NULL,0
279,"Kraft Heinz",KHC,0,"Consumer Staples","Packaged Foods & Meats",2015,"2015-07-06 00:00:00","2021-10-29 00:00:00",1594
280,Kroger,KR,0,"Consumer Staples","Food Retail",1883,"1980-01-02 00:00:00","2021-10-29 00:00:00",10548
557,"L3 Technologies",LLL,0,NULL,NULL,NULL,"2013-03-07 00:00:00","2021-10-29 00:00:00",1748
281,"L3Harris Technologies",LHX,0,Industrials,"Aerospace & Defense",2019,"1981-12-31 00:00:00","2021-10-29 00:00:00",10043
282,LabCorp,LH,0,"Health Care","Health Care Services",1978,"1990-03-29 00:00:00","2021-10-29 00:00:00",7957
778,Laidlaw,LDW,0,NULL,NULL,NULL,NULL,NULL,0
283,"Lam Research",LRCX,0,"Information Technology","Semiconductor Equipment",1980,"1984-05-04 00:00:00","2021-10-29 00:00:00",9449
284,"Lamb Weston",LW,0,"Consumer Staples","Packaged Foods & Meats",2016,"2016-11-10 00:00:00","2021-10-29 00:00:00",1251
285,"Las Vegas Sands",LVS,0,"Consumer Discretionary","Casinos & Gaming",1988,"2004-12-15 00:00:00","2021-10-29 00:00:00",4249
615,"Legg Mason",LM,0,NULL,NULL,NULL,NULL,NULL,0
286,"Leggett & Platt",LEG,0,"Consumer Discretionary","Home Furnishings",1883,"1980-03-17 00:00:00","2021-10-29 00:00:00",10476
756,"Lehman Brothers",LEH,0,NULL,NULL,NULL,NULL,NULL,0
287,Leidos,LDOS,0,Industrials,"Diversified Support Services",1969,"2006-10-17 00:00:00","2021-10-29 00:00:00",3786
288,Lennar,LEN,0,"Consumer Discretionary",Homebuilding,1954,"1980-03-17 00:00:00","2021-10-29 00:00:00",10490
589,"Level 3 Communications",LVLT,0,NULL,NULL,NULL,NULL,NULL,0
705,Lexmark,LXK,0,NULL,NULL,NULL,NULL,NULL,0
682,"Life Technologies",LIFE,0,NULL,NULL,NULL,"2015-05-07 00:00:00","2021-10-29 00:00:00",1633
290,"Lincoln National",LNC,0,Financials,"Multi-line Insurance",1905,"1980-03-17 00:00:00","2021-10-29 00:00:00",10497
291,Linde,LIN,0,Materials,"Industrial Gases",1879,"1992-06-17 00:00:00","2021-10-29 00:00:00",7399
609,"Linear Technology",LLTC,0,NULL,NULL,NULL,NULL,NULL,0
292,"Live Nation Entertainment",LYV,0,"Communication Services","Movies & Entertainment",2010,"2005-12-21 00:00:00","2021-10-29 00:00:00",3992
293,"LKQ Corporation",LKQ,0,"Consumer Discretionary",Distributors,1998,"2003-10-06 00:00:00","2021-10-29 00:00:00",4550
294,"Lockheed Martin",LMT,0,Industrials,"Aerospace & Defense",1995,"1980-01-02 00:00:00","2021-10-29 00:00:00",10548
295,"Loews Corporation",L,0,Financials,"Multi-line Insurance",1959,"1980-03-17 00:00:00","2021-10-29 00:00:00",10497
659,"Lorillard Tobacco Company",LO,0,NULL,NULL,NULL,NULL,NULL,0
296,Lowe's,LOW,0,"Consumer Discretionary","Home Improvement Retail",1904,"1980-03-17 00:00:00","2021-10-29 00:00:00",10495
677,"LSI Corporation",LSI,0,NULL,NULL,NULL,"1995-06-21 00:00:00","2021-10-29 00:00:00",6636
297,"Lumen Technologies",LUMN,0,"Communication Services","Alternative Carriers",1983,"1980-03-17 00:00:00","2021-10-29 00:00:00",10449
298,LyondellBasell,LYB,0,Materials,"Specialty Chemicals",2007,"2010-04-28 00:00:00","2021-10-29 00:00:00",2899
299,"M&T Bank",MTB,0,Financials,"Regional Banks",1856,"1980-03-17 00:00:00","2021-10-29 00:00:00",10384
547,Macerich,MAC,0,NULL,NULL,NULL,"1994-03-10 00:00:00","2021-10-29 00:00:00",6960
540,Macy's,M,0,NULL,NULL,NULL,"1992-02-05 00:00:00","2021-10-29 00:00:00",7491
596,Mallinckrodt,MNK,0,NULL,NULL,NULL,NULL,NULL,0
300,"Marathon Oil",MRO,0,Energy,"Oil & Gas Exploration & Production",1887,"1980-01-02 00:00:00","2021-10-29 00:00:00",10548
301,"Marathon Petroleum",MPC,0,Energy,"Oil & Gas Refining & Marketing",2009,"2011-06-24 00:00:00","2021-10-29 00:00:00",2606
302,MarketAxess,MKTX,0,Financials,"Financial Exchanges & Data",2000,"2004-11-05 00:00:00","2021-10-29 00:00:00",4276
303,"Marriott International",MAR,0,"Consumer Discretionary","Hotels, Resorts & Cruise Lines",1927,"1998-03-23 00:00:00","2021-10-29 00:00:00",5943
304,"Marsh & McLennan",MMC,0,Financials,"Insurance Brokers",1905,"1980-01-02 00:00:00","2021-10-29 00:00:00",10548
727,"Marshall & Ilsley",MI,0,NULL,NULL,NULL,"2013-10-15 00:00:00","2017-01-09 00:00:00",92
305,"Martin Marietta Materials",MLM,0,Materials,"Construction Materials",1993,"1994-02-17 00:00:00","2021-10-29 00:00:00",6975
306,Masco,MAS,0,Industrials,"Building Products",1929,"1980-03-17 00:00:00","2021-10-29 00:00:00",10497
729,"Massey Energy Company",MEE,0,NULL,NULL,NULL,"2007-08-03 00:00:00","2017-07-26 00:00:00",747
307,Mastercard,MA,0,"Information Technology","Data Processing & Outsourced Services",1966,"2006-05-25 00:00:00","2021-10-29 00:00:00",3886
308,"Match Group",MTCH,0,"Communication Services","Interactive Media & Services",1986,"1993-01-19 00:00:00","2021-10-29 00:00:00",7249
558,Mattel,MAT,0,NULL,NULL,NULL,"1980-01-02 00:00:00","2021-10-29 00:00:00",10546
516,"Maxim Integrated",MXIM,0,NULL,NULL,NULL,NULL,NULL,0
765,"Maxim Integrated Products",MXIM,0,NULL,NULL,NULL,NULL,NULL,0
750,"MBIA Inc.",MBI,0,NULL,NULL,NULL,"1987-07-01 00:00:00","2021-10-29 00:00:00",8653
733,McAfee,MFE,0,NULL,NULL,NULL,"2015-12-17 00:00:00","2015-12-18 00:00:00",2
309,"McCormick & Company",MKC,0,"Consumer Staples","Packaged Foods & Meats",1889,"1980-01-02 00:00:00","2021-10-29 00:00:00",10542
310,McDonald's,MCD,0,"Consumer Discretionary",Restaurants,1940,"1980-01-02 00:00:00","2021-10-29 00:00:00",10549
311,"McKesson Corporation",MCK,0,"Health Care","Health Care Distributors",1833,"1994-11-10 00:00:00","2021-10-29 00:00:00",6791
601,"Mead Johnson",MJN,0,NULL,NULL,NULL,NULL,NULL,0
715,"Medco Health Solutions",MHS,0,NULL,NULL,NULL,NULL,NULL,0
312,Medtronic,MDT,0,"Health Care","Health Care Equipment",1949,"1980-01-02 00:00:00","2021-10-29 00:00:00",10549
721,"MEMC Electronic Materials",WFR,0,NULL,NULL,NULL,"2007-12-14 00:00:00","2017-03-13 00:00:00",344
313,Merck,MRK,0,"Health Care",Pharmaceuticals,1891,"1980-01-02 00:00:00","2021-10-29 00:00:00",10548
314,MetLife,MET,0,Financials,"Life & Health Insurance",1868,"2000-04-05 00:00:00","2021-10-29 00:00:00",5428
697,MetroPCS,PCS,0,NULL,NULL,NULL,NULL,NULL,0
315,"Mettler Toledo",MTD,0,"Health Care","Life Sciences Tools & Services",1945,"1997-11-14 00:00:00","2021-10-29 00:00:00",6029
316,"MGM Resorts International",MGM,0,"Consumer Discretionary","Casinos & Gaming",1986,"1988-05-02 00:00:00","2021-10-29 00:00:00",8234
317,"Microchip Technology",MCHP,0,"Information Technology",Semiconductors,1989,"1993-03-19 00:00:00","2021-10-29 00:00:00",7208
318,"Micron Technology",MU,0,"Information Technology",Semiconductors,1978,"1984-06-01 00:00:00","2021-10-29 00:00:00",9432
319,Microsoft,MSFT,0,"Information Technology","Systems Software",1975,"1986-03-13 00:00:00","2021-10-29 00:00:00",8983
320,"Mid-America Apartments",MAA,0,"Real Estate","Residential REITs",1977,"1994-01-28 00:00:00","2021-10-29 00:00:00",6989
741,Millipore,MIL,0,NULL,NULL,NULL,NULL,NULL,0
321,Moderna,MRNA,0,"Health Care",Biotechnology,2010,"2018-12-07 00:00:00","2021-10-29 00:00:00",730
322,"Mohawk Industries",MHK,0,"Consumer Discretionary","Home Furnishings",1878,"1992-04-01 00:00:00","2021-10-29 00:00:00",7450
685,Molex,MOLX,0,NULL,NULL,NULL,"1980-01-02 00:00:00","2013-12-09 00:00:00",8510
323,"Molson Coors",TAP,0,"Consumer Staples",Brewers,2005,"1980-01-02 00:00:00","2021-10-29 00:00:00",10535
324,"Mondelez International",MDLZ,0,"Consumer Staples","Packaged Foods & Meats",2012,"2001-06-13 00:00:00","2021-10-29 00:00:00",5129
325,"Monolithic Power Systems",MPWR,0,"Information Technology",Semiconductors,1997,"2004-11-19 00:00:00","2021-10-29 00:00:00",4266
580,Monsanto,MON,0,NULL,NULL,NULL,"2021-03-16 00:00:00","2021-10-29 00:00:00",153
326,"Monster Beverage",MNST,0,"Consumer Staples","Soft Drinks",2012,"1985-12-09 00:00:00","2021-10-29 00:00:00",8648
720,"Monster Worldwide",MWW,0,NULL,NULL,NULL,NULL,NULL,0
327,Moody's,MCO,0,Financials,"Financial Exchanges & Data",1909,"1994-10-31 00:00:00","2021-10-29 00:00:00",6796
328,"Morgan Stanley",MS,0,Financials,"Investment Banking & Brokerage",1935,"1993-02-23 00:00:00","2021-10-29 00:00:00",7226
712,"Motorola Mobility",MMI,0,NULL,NULL,NULL,"2013-10-31 00:00:00","2021-10-29 00:00:00",2014
330,"Motorola Solutions",MSI,0,"Information Technology","Communications Equipment",1928,"1980-01-02 00:00:00","2021-10-29 00:00:00",10548
331,MSCI,MSCI,0,Financials,"Financial Exchanges & Data",1969,"2007-11-15 00:00:00","2021-10-29 00:00:00",3514
595,"Murphy Oil",MUR,0,NULL,NULL,NULL,"1980-03-17 00:00:00","2021-10-29 00:00:00",10497
663,"Nabors Industries",NBR,0,NULL,NULL,NULL,"1980-01-02 00:00:00","2021-10-29 00:00:00",10197
332,Nasdaq,NDAQ,0,Financials,"Financial Exchanges & Data",1971,"2002-07-01 00:00:00","2021-10-29 00:00:00",4867
726,"National Semiconductor",NSM,0,NULL,NULL,NULL,"2012-03-08 00:00:00","2018-07-31 00:00:00",1610
581,Navient,NAVI,0,NULL,NULL,NULL,"2014-04-17 00:00:00","2021-10-29 00:00:00",1899
764,"NCR Corporation",NCR,0,NULL,NULL,NULL,"1996-12-11 00:00:00","2021-10-29 00:00:00",6264
551,"Nektar Therapeutics",NKTR,0,NULL,NULL,NULL,"1994-05-03 00:00:00","2021-10-29 00:00:00",6855
333,NetApp,NTAP,0,"Information Technology","Technology Hardware, Storage & Peripherals",1992,"1995-11-21 00:00:00","2021-10-29 00:00:00",6531
334,Netflix,NFLX,0,"Communication Services","Movies & Entertainment",1997,"2002-05-23 00:00:00","2021-10-29 00:00:00",4895
335,"Newell Brands",NWL,0,"Consumer Discretionary","Housewares & Specialties",1903,"1980-03-17 00:00:00","2021-10-29 00:00:00",10456
563,"Newfield Exploration",NFX,0,NULL,NULL,NULL,"1993-11-12 00:00:00","2019-02-13 00:00:00",6343
336,Newmont,NEM,0,Materials,Gold,1921,"1980-03-17 00:00:00","2021-10-29 00:00:00",10497
337,"News Corp (Class A)",NWSA,0,"Communication Services",Publishing,2013,"2013-06-19 00:00:00","2021-10-29 00:00:00",2108
338,"News Corp (Class B)",NWS,0,"Communication Services",Publishing,2013,"2013-06-19 00:00:00","2021-10-29 00:00:00",2108
339,"NextEra Energy",NEE,0,Utilities,Multi-Utilities,1984,"1980-01-02 00:00:00","2021-10-29 00:00:00",10549
722,"Nicor Gas",GAS,0,NULL,NULL,NULL,NULL,NULL,0
340,"Nielsen Holdings",NLSN,0,Industrials,"Research & Consulting Services",1923,"2011-01-27 00:00:00","2021-10-29 00:00:00",2709
341,Nike,NKE,0,"Consumer Discretionary","Apparel, Accessories & Luxury Goods",1964,"1980-12-02 00:00:00","2021-10-29 00:00:00",10315
342,NiSource,NI,0,Utilities,Multi-Utilities,1912,"1980-01-02 00:00:00","2021-10-29 00:00:00",10541
653,"Noble Corporation",NE,0,NULL,NULL,NULL,"2021-06-09 00:00:00","2021-10-29 00:00:00",101
529,"Noble Energy",NBL,0,NULL,NULL,NULL,NULL,NULL,0
536,Nordstrom,JWN,0,NULL,NULL,NULL,"1980-03-17 00:00:00","2021-10-29 00:00:00",10482
343,"Norfolk Southern",NSC,0,Industrials,Railroads,1881,"1982-06-02 00:00:00","2021-10-29 00:00:00",9939
344,"Northern Trust",NTRS,0,Financials,"Asset Management & Custody Banks",1889,"1980-03-17 00:00:00","2021-10-29 00:00:00",10372
345,"Northrop Grumman",NOC,0,Industrials,"Aerospace & Defense",1994,"1981-12-31 00:00:00","2021-10-29 00:00:00",10044
346,NortonLifeLock,NLOK,0,"Information Technology","Application Software",1982,"1989-06-23 00:00:00","2021-10-29 00:00:00",8153
347,"Norwegian Cruise Line Holdings",NCLH,0,"Consumer Discretionary","Hotels, Resorts & Cruise Lines",2011,"2013-01-18 00:00:00","2021-10-29 00:00:00",2212
515,Nov,NOV,0,NULL,NULL,NULL,"1996-10-29 00:00:00","2021-10-29 00:00:00",6294
730,Novell,NOVL,0,NULL,NULL,NULL,NULL,NULL,0
711,"Novellus Systems",NVLS,0,NULL,NULL,NULL,NULL,NULL,0
348,"NRG Energy",NRG,0,Utilities,"Independent Power Producers & Energy Traders",1992,"2003-12-02 00:00:00","2021-10-29 00:00:00",4510
349,Nucor,NUE,0,Materials,Steel,1940,"1980-03-17 00:00:00","2021-10-29 00:00:00",10497
350,Nvidia,NVDA,0,"Information Technology",Semiconductors,1993,"1999-01-22 00:00:00","2021-10-29 00:00:00",5733
351,NVR,NVR,0,"Consumer Discretionary",Homebuilding,1980,"1985-07-22 00:00:00","2021-10-29 00:00:00",9127
352,NXP,NXPI,0,"Information Technology",Semiconductors,1953,"2010-08-06 00:00:00","2021-10-29 00:00:00",2829
687,"NYSE Euronext",NYX,0,NULL,NULL,NULL,"2004-08-12 00:00:00","2015-01-02 00:00:00",2333
353,"O'Reilly Automotive",ORLY,0,"Consumer Discretionary","Specialty Stores",1957,"1993-04-23 00:00:00","2021-10-29 00:00:00",7173
354,"Occidental Petroleum",OXY,0,Energy,"Oil & Gas Exploration & Production",1920,"1981-12-31 00:00:00","2021-10-29 00:00:00",10044
737,"Office Depot",ODP,0,NULL,NULL,NULL,"1988-06-01 00:00:00","2021-10-29 00:00:00",8422
355,"Old Dominion Freight Line",ODFL,0,Industrials,Trucking,1934,"1991-10-24 00:00:00","2021-10-29 00:00:00",7108
356,"Omnicom Group",OMC,0,"Communication Services",Advertising,1986,"1980-03-17 00:00:00","2021-10-29 00:00:00",10435
357,Oneok,OKE,0,Energy,"Oil & Gas Storage & Transportation",1906,"1980-10-01 00:00:00","2021-10-29 00:00:00",10356
358,Oracle,ORCL,0,"Information Technology","Application Software",1977,"1986-03-12 00:00:00","2021-10-29 00:00:00",8984
359,"Organon & Co.",OGN,0,"Health Care",Pharmaceuticals,2021,"2021-05-14 00:00:00","2021-10-29 00:00:00",118
360,"Otis Worldwide",OTIS,0,Industrials,"Industrial Machinery",2020,"2020-03-19 00:00:00","2021-10-29 00:00:00",409
774,Owens-Illinois,OI,0,NULL,NULL,NULL,NULL,NULL,0
614,Owens-Illinois,OI,0,NULL,NULL,NULL,NULL,NULL,0
361,Paccar,PCAR,0,Industrials,"Construction Machinery & Heavy Trucks",1905,"1980-03-17 00:00:00","2021-10-29 00:00:00",10477
564,"Pacific Gas & Electric Company",PCG,0,NULL,NULL,NULL,"1980-01-02 00:00:00","2021-10-29 00:00:00",10549
362,"Packaging Corporation of America",PKG,0,Materials,"Paper Packaging",1959,"2000-01-28 00:00:00","2021-10-29 00:00:00",5475
739,Pactiv,PTV,0,NULL,NULL,NULL,"2010-12-31 00:00:00","2017-05-31 00:00:00",950
651,"Pall Corporation",PLL,0,NULL,NULL,NULL,"2018-01-02 00:00:00","2021-10-29 00:00:00",941
363,Parker-Hannifin,PH,0,Industrials,"Industrial Machinery",1917,"1980-03-17 00:00:00","2021-10-29 00:00:00",10495
585,"Patterson Companies",PDCO,0,NULL,NULL,NULL,"1992-10-28 00:00:00","2021-10-29 00:00:00",7305
364,Paychex,PAYX,0,"Information Technology","Data Processing & Outsourced Services",1971,"1983-08-26 00:00:00","2021-10-29 00:00:00",9608
365,Paycom,PAYC,0,"Information Technology","Application Software",1998,"2014-04-15 00:00:00","2021-10-29 00:00:00",1901
366,PayPal,PYPL,0,"Information Technology","Data Processing & Outsourced Services",1998,"2015-07-06 00:00:00","2021-10-29 00:00:00",1594
671,"Peabody Energy",BTU,0,NULL,NULL,NULL,"2017-04-03 00:00:00","2021-10-29 00:00:00",1154
367,"Penn National Gaming",PENN,0,"Consumer Discretionary","Casinos & Gaming",1972,"1994-05-26 00:00:00","2021-10-29 00:00:00",6907
368,Pentair,PNR,0,Industrials,"Industrial Machinery",1966,"1980-01-02 00:00:00","2021-10-29 00:00:00",10506
369,"People's United Financial",PBCT,0,Financials,"Thrifts & Mortgage Finance",1842,"1988-07-06 00:00:00","2021-10-29 00:00:00",8393
634,"Pepco Holdings",POM,0,NULL,NULL,NULL,"2010-04-20 00:00:00","2021-10-29 00:00:00",2599
370,PepsiCo,PEP,0,"Consumer Staples","Soft Drinks",1898,"1980-01-02 00:00:00","2021-10-29 00:00:00",10548
371,PerkinElmer,PKI,0,"Health Care","Health Care Equipment",1937,"1980-01-02 00:00:00","2021-10-29 00:00:00",10549
513,Perrigo,PRGO,0,NULL,NULL,NULL,"1991-12-17 00:00:00","2021-10-29 00:00:00",7525
666,PetSmart,PETM,0,NULL,NULL,NULL,"2018-04-24 00:00:00","2018-04-24 00:00:00",1
372,Pfizer,PFE,0,"Health Care",Pharmaceuticals,1849,"1980-01-02 00:00:00","2021-10-29 00:00:00",10548
373,"Philip Morris International",PM,0,"Consumer Staples",Tobacco,2008,"2008-03-17 00:00:00","2021-10-29 00:00:00",3432
374,"Phillips 66",PSX,0,Energy,"Oil & Gas Refining & Marketing",2012,"2012-04-12 00:00:00","2021-10-29 00:00:00",2405
375,"Pinnacle West Capital",PNW,0,Utilities,Multi-Utilities,1985,"1980-01-02 00:00:00","2021-10-29 00:00:00",10549
376,"Pioneer Natural Resources",PXD,0,Energy,"Oil & Gas Exploration & Production",1997,"1997-08-08 00:00:00","2021-10-29 00:00:00",6098
611,"Pitney Bowes",PBI,0,NULL,NULL,NULL,"1980-01-02 00:00:00","2021-10-29 00:00:00",10549
638,"Plum Creek Timber",PCL,0,NULL,NULL,NULL,"2015-09-03 00:00:00","2021-10-21 00:00:00",126
377,"PNC Financial Services",PNC,0,Financials,"Regional Banks",1845,"1980-01-02 00:00:00","2021-10-29 00:00:00",10490
378,"Pool Corporation",POOL,0,"Consumer Discretionary",Distributors,1993,"1995-10-13 00:00:00","2021-10-29 00:00:00",6535
379,"PPG Industries",PPG,0,Materials,"Specialty Chemicals",1883,"1980-03-17 00:00:00","2021-10-29 00:00:00",10497
380,PPL,PPL,0,Utilities,"Electric Utilities",1920,"1980-03-17 00:00:00","2021-10-29 00:00:00",10494
639,"Precision Castparts Corporation",PCP,0,NULL,NULL,NULL,"2018-08-28 00:00:00","2018-08-28 00:00:00",1
381,"Principal Financial Group",PFG,0,Financials,"Life & Health Insurance",1879,"2001-10-23 00:00:00","2021-10-29 00:00:00",5041
382,"Procter & Gamble",PG,0,"Consumer Staples","Personal Products",1837,"1980-01-02 00:00:00","2021-10-29 00:00:00",10548
709,"Progress Energy",PGN,0,NULL,NULL,NULL,NULL,NULL,0
383,"Progressive Corporation",PGR,0,Financials,"Property & Casualty Insurance",1937,"1980-03-17 00:00:00","2021-10-29 00:00:00",10427
384,Prologis,PLD,0,"Real Estate","Industrial REITs",1983,"1997-11-21 00:00:00","2021-10-29 00:00:00",6024
385,"Prudential Financial",PRU,0,Financials,"Life & Health Insurance",1875,"2001-12-13 00:00:00","2021-10-29 00:00:00",5005
386,PTC,PTC,0,"Information Technology","Application Software",1985,"1989-12-08 00:00:00","2021-10-29 00:00:00",8036
387,"Public Service Enterprise Group",PEG,0,Utilities,"Electric Utilities",1903,"1980-01-02 00:00:00","2021-10-29 00:00:00",10549
388,"Public Storage",PSA,0,"Real Estate","Specialized REITs",1972,"1980-11-18 00:00:00","2021-10-29 00:00:00",10280
389,PulteGroup,PHM,0,"Consumer Discretionary",Homebuilding,1956,"1980-03-17 00:00:00","2021-10-29 00:00:00",10485
390,PVH,PVH,0,"Consumer Discretionary","Apparel, Accessories & Luxury Goods",1881,"1980-03-17 00:00:00","2021-10-29 00:00:00",10467
658,"QEP Resources",QEP,0,NULL,NULL,NULL,NULL,NULL,0
391,Qorvo,QRVO,0,"Information Technology",Semiconductors,2015,"2015-01-02 00:00:00","2021-10-29 00:00:00",1720
393,Qualcomm,QCOM,0,"Information Technology",Semiconductors,1985,"1991-12-13 00:00:00","2021-10-29 00:00:00",7527
392,"Quanta Services",PWR,0,Industrials,"Construction & Engineering",1997,"1998-02-12 00:00:00","2021-10-29 00:00:00",5969
394,"Quest Diagnostics",DGX,0,"Health Care","Health Care Services",1967,"1996-12-17 00:00:00","2021-10-29 00:00:00",6260
742,Questar,STR,0,NULL,NULL,NULL,"2012-06-18 00:00:00","2021-10-29 00:00:00",2091
772,"Quintiles Transnational",QTRN,0,NULL,NULL,NULL,NULL,NULL,0
732,"Qwest Communications",Q,0,NULL,NULL,NULL,NULL,NULL,0
728,RadioShack,RSH,0,NULL,NULL,NULL,"2007-12-28 00:00:00","2017-10-05 00:00:00",691
395,"Ralph Lauren Corporation",RL,0,"Consumer Discretionary","Apparel, Accessories & Luxury Goods",1967,"1997-06-12 00:00:00","2021-10-29 00:00:00",6138
578,"Range Resources",RRC,0,NULL,NULL,NULL,"1980-06-19 00:00:00","2021-10-29 00:00:00",9241
396,"Raymond James Financial",RJF,0,Financials,"Investment Banking & Brokerage",1962,"1983-07-01 00:00:00","2021-10-29 00:00:00",9571
541,"Raytheon Company",RTN,0,NULL,NULL,NULL,NULL,NULL,0
397,"Raytheon Technologies",RTX,0,Industrials,"Aerospace & Defense",1922,"1980-01-02 00:00:00","2021-10-29 00:00:00",10548
398,"Realty Income Corporation",O,0,"Real Estate","Retail REITs",1969,"1994-10-18 00:00:00","2021-10-29 00:00:00",6808
556,"Red Hat",RHT,0,NULL,NULL,NULL,NULL,NULL,0
399,"Regency Centers",REG,0,"Real Estate","Retail REITs",1963,"1993-10-29 00:00:00","2021-10-29 00:00:00",7048
400,"Regeneron Pharmaceuticals",REGN,0,"Health Care",Biotechnology,1988,"1991-04-02 00:00:00","2021-10-29 00:00:00",7706
401,"Regions Financial Corporation",RF,0,Financials,"Regional Banks",1971,"1980-03-17 00:00:00","2021-10-29 00:00:00",10446
402,"Republic Services",RSG,0,Industrials,"Environmental & Facilities Services",1998,"1998-07-01 00:00:00","2021-10-29 00:00:00",5873
403,ResMed,RMD,0,"Health Care","Health Care Equipment",1989,"1995-06-02 00:00:00","2021-10-29 00:00:00",6645
597,"Reynolds American",RAI,0,NULL,NULL,NULL,NULL,NULL,0
777,RiteAid,RAD,0,NULL,NULL,NULL,"1980-03-17 00:00:00","2021-10-29 00:00:00",10497
404,"Robert Half International",RHI,0,Industrials,"Human Resource & Employment Services",1948,"1980-03-17 00:00:00","2021-10-29 00:00:00",10233
405,"Rockwell Automation",ROK,0,Industrials,"Electrical Components & Equipment",1903,"1981-12-31 00:00:00","2021-10-29 00:00:00",10044
567,"Rockwell Collins",COL,0,NULL,NULL,NULL,"2012-08-02 00:00:00","2020-11-30 00:00:00",1490
406,Rollins,ROL,0,Industrials,"Environmental & Facilities Services",1948,"1980-03-17 00:00:00","2021-10-29 00:00:00",10493
407,"Roper Technologies",ROP,0,Industrials,"Industrial Conglomerates",1981,"1992-02-13 00:00:00","2021-10-29 00:00:00",7484
408,"Ross Stores",ROST,0,"Consumer Discretionary","Apparel Retail",1982,"1985-08-08 00:00:00","2021-10-29 00:00:00",9131
673,"Rowan Companies",RDC,0,NULL,NULL,NULL,NULL,NULL,0
409,"Royal Caribbean Group",RCL,0,"Consumer Discretionary","Hotels, Resorts & Cruise Lines",1997,"1993-04-28 00:00:00","2021-10-29 00:00:00",7181
701,"RR Donnelley",RRD,0,NULL,NULL,NULL,"1980-03-17 00:00:00","2021-10-29 00:00:00",10497
600,"Ryder System",R,0,NULL,NULL,NULL,"1980-01-02 00:00:00","2021-10-29 00:00:00",10549
410,"S&P Global",SPGI,0,Financials,"Financial Exchanges & Data",1917,"1980-01-02 00:00:00","2021-10-29 00:00:00",10549
768,"Sabre Corporation",TSG,0,NULL,NULL,NULL,NULL,NULL,0
667,Safeway,SWY,0,NULL,NULL,NULL,NULL,NULL,0
689,SAIC,SAI,0,NULL,NULL,NULL,"2010-01-21 00:00:00","2018-01-30 00:00:00",471
411,Salesforce,CRM,0,"Information Technology","Application Software",1999,"2004-06-23 00:00:00","2021-10-29 00:00:00",4371
629,SanDisk,SNDK,0,NULL,NULL,NULL,NULL,NULL,0
710,"Sara Lee Corporation",SLE,0,NULL,NULL,NULL,"2014-07-21 00:00:00","2017-12-06 00:00:00",29
412,"SBA Communications",SBAC,0,"Real Estate","Specialized REITs",1989,"1999-06-16 00:00:00","2021-10-29 00:00:00",5632
565,SCANA,SCG,0,NULL,NULL,NULL,"2015-07-16 00:00:00","2018-12-31 00:00:00",872
751,Schering-Plough,SGP,0,NULL,NULL,NULL,"2008-01-08 00:00:00","2019-06-03 00:00:00",1303
413,Schlumberger,SLB,0,Energy,"Oil & Gas Equipment & Services",1926,"1981-12-31 00:00:00","2021-10-29 00:00:00",10043
587,"Scripps Networks Interactive",SNI,0,NULL,NULL,NULL,"2008-06-12 00:00:00","2018-03-07 00:00:00",2450
414,"Seagate Technology",STX,0,"Information Technology","Technology Hardware, Storage & Peripherals",1979,"2002-12-11 00:00:00","2021-10-29 00:00:00",4755
415,"Sealed Air",SEE,0,Materials,"Paper Packaging",1960,"1980-03-17 00:00:00","2021-10-29 00:00:00",10497
707,"Sears Holdings",SHLD,0,NULL,NULL,NULL,"2020-11-04 00:00:00","2021-10-11 00:00:00",186
416,"Sempra Energy",SRE,0,Utilities,Multi-Utilities,1998,"1998-06-29 00:00:00","2021-10-29 00:00:00",5875
417,ServiceNow,NOW,0,"Information Technology","Systems Software",2003,"2012-06-29 00:00:00","2021-10-29 00:00:00",2350
418,Sherwin-Williams,SHW,0,Materials,"Specialty Chemicals",1866,"1980-03-17 00:00:00","2021-10-29 00:00:00",10497
646,Sigma-Aldrich,SIAL,0,NULL,NULL,NULL,NULL,NULL,0
584,"Signet Jewelers",SIG,0,NULL,NULL,NULL,"1988-07-14 00:00:00","2021-10-29 00:00:00",7704
419,"Simon Property Group",SPG,0,"Real Estate","Retail REITs",2003,"1993-12-14 00:00:00","2021-10-29 00:00:00",7021
420,"Skyworks Solutions",SWKS,0,"Information Technology",Semiconductors,2002,"1984-09-07 00:00:00","2021-10-29 00:00:00",9207
522,"SL Green Realty",SLG,0,NULL,NULL,NULL,"1997-08-15 00:00:00","2021-10-29 00:00:00",6093
679,"SLM Corporation",SLM,0,NULL,NULL,NULL,"1983-09-23 00:00:00","2021-10-29 00:00:00",9606
740,"Smith International",SII,0,NULL,NULL,NULL,"2010-02-22 00:00:00","2021-10-29 00:00:00",2590
421,Snap-on,SNA,0,Industrials,"Industrial Machinery",1920,"1980-01-02 00:00:00","2021-10-29 00:00:00",10549
763,Solectron,SLR,0,NULL,NULL,NULL,"1996-08-13 00:00:00","2018-06-28 00:00:00",4017
422,"Southern Company",SO,0,Utilities,"Electric Utilities",1945,"1981-12-31 00:00:00","2021-10-29 00:00:00",10044
423,"Southwest Airlines",LUV,0,Industrials,Airlines,1967,"1980-01-02 00:00:00","2021-10-29 00:00:00",10548
604,"Southwestern Energy",SWN,0,NULL,NULL,NULL,"1980-03-17 00:00:00","2021-10-29 00:00:00",10472
612,"Spectra Energy",SE,0,NULL,NULL,NULL,"2017-10-20 00:00:00","2021-10-29 00:00:00",1014
691,"Sprint Nextel",S,0,NULL,NULL,NULL,"2021-06-30 00:00:00","2021-10-29 00:00:00",86
613,"St Jude Medical",STJ,0,NULL,NULL,NULL,NULL,NULL,0
424,"Stanley Black & Decker",SWK,0,Industrials,"Industrial Machinery",1843,"1980-03-17 00:00:00","2021-10-29 00:00:00",10496
590,Staples,SPLS,0,NULL,NULL,NULL,NULL,NULL,0
425,Starbucks,SBUX,0,"Consumer Discretionary",Restaurants,1971,"1992-06-26 00:00:00","2021-10-29 00:00:00",7392
618,Starwood,HOT,0,NULL,NULL,NULL,"2015-01-02 00:00:00","2016-09-23 00:00:00",381
426,"State Street Corporation",STT,0,Financials,"Asset Management & Custody Banks",1792,"1980-03-17 00:00:00","2021-10-29 00:00:00",10480
569,Stericycle,SRCL,0,NULL,NULL,NULL,"1996-08-23 00:00:00","2021-10-29 00:00:00",6334
427,Steris,STE,0,"Health Care","Health Care Equipment",1985,"1992-06-01 00:00:00","2021-10-29 00:00:00",7411
428,"Stryker Corporation",SYK,0,"Health Care","Health Care Equipment",1941,"1980-03-17 00:00:00","2021-10-29 00:00:00",10471
703,Sunoco,SUN,0,NULL,NULL,NULL,"2012-09-20 00:00:00","2021-10-29 00:00:00",2293
548,"SunTrust Banks",STI,0,NULL,NULL,NULL,NULL,NULL,0
714,Supervalu,SVU,0,NULL,NULL,NULL,"1980-01-02 00:00:00","2018-10-22 00:00:00",9776
429,"SVB Financial",SIVB,0,Financials,"Regional Banks",1983,"1987-10-26 00:00:00","2021-10-29 00:00:00",8463
769,"Symbol Technologies",SBL,0,NULL,NULL,NULL,"2010-03-02 00:00:00","2021-10-28 00:00:00",2305
430,"Synchrony Financial",SYF,0,Financials,"Consumer Finance",2003,"2014-07-31 00:00:00","2021-10-29 00:00:00",1827
431,Synopsys,SNPS,0,"Information Technology","Application Software",1986,"1992-02-26 00:00:00","2021-10-29 00:00:00",7477
432,Sysco,SYY,0,"Consumer Staples","Food Distributors",1969,"1980-01-02 00:00:00","2021-10-29 00:00:00",10512
433,"T-Mobile US",TMUS,0,"Communication Services","Wireless Telecommunication Services",1994,"2007-04-19 00:00:00","2021-10-29 00:00:00",3661
434,"T. Rowe Price",TROW,0,Financials,"Asset Management & Custody Banks",1937,"1986-04-02 00:00:00","2021-10-29 00:00:00",8967
435,"Take-Two Interactive",TTWO,0,"Communication Services","Interactive Home Entertainment",1993,"1997-04-15 00:00:00","2021-10-29 00:00:00",6163
436,Tapestry,TPR,0,"Consumer Discretionary","Apparel, Accessories & Luxury Goods",2017,"2000-10-06 00:00:00","2021-10-29 00:00:00",5300
437,Target,TGT,0,"Consumer Discretionary","General Merchandise Stores",1902,"1980-01-02 00:00:00","2021-10-29 00:00:00",10549
438,"TE Connectivity",TEL,0,"Information Technology","Electronic Manufacturing Services",2007,"2007-06-14 00:00:00","2021-10-29 00:00:00",3622
525,TechnipFMC,FTI,0,NULL,NULL,NULL,"2001-06-15 00:00:00","2021-10-29 00:00:00",5127
623,"TECO Energy",TE,0,NULL,NULL,NULL,NULL,NULL,0
602,Tegna,TGNA,0,NULL,NULL,NULL,"1980-03-17 00:00:00","2021-10-29 00:00:00",10497
439,"Teledyne Technologies",TDY,0,Industrials,"Aerospace & Defense",1960,"1999-11-23 00:00:00","2021-10-29 00:00:00",5520
440,Teleflex,TFX,0,"Health Care","Health Care Equipment",1943,"1980-03-17 00:00:00","2021-10-29 00:00:00",10489
718,Tellabs,TLAB,0,NULL,NULL,NULL,"1980-07-15 00:00:00","2013-12-03 00:00:00",8392
632,"Tenet Healthcare",THC,0,NULL,NULL,NULL,"1980-03-17 00:00:00","2021-10-29 00:00:00",10497
599,Teradata,TDC,0,NULL,NULL,NULL,"2007-10-01 00:00:00","2021-10-29 00:00:00",3547
441,Teradyne,TER,0,"Information Technology","Semiconductor Equipment",1960,"1980-01-02 00:00:00","2021-10-29 00:00:00",10548
442,Tesla,TSLA,0,"Consumer Discretionary","Automobile Manufacturers",2003,"2010-06-29 00:00:00","2021-10-29 00:00:00",2856
443,"Texas Instruments",TXN,0,"Information Technology",Semiconductors,1930,"1980-01-02 00:00:00","2021-10-29 00:00:00",10549
444,Textron,TXT,0,Industrials,"Aerospace & Defense",1923,"1980-01-02 00:00:00","2021-10-29 00:00:00",10548
128,"The Cooper Companies",COO,0,"Health Care","Health Care Supplies",1958,"1983-01-21 00:00:00","2021-10-29 00:00:00",9771
562,"The Goodyear Tire & Rubber Company",GT,0,NULL,NULL,NULL,"1980-01-02 00:00:00","2021-10-29 00:00:00",10548
225,"The Hartford",HIG,0,Financials,"Property & Casualty Insurance",1810,"1995-12-15 00:00:00","2021-10-29 00:00:00",6514
230,"The Hershey Company",HSY,0,"Consumer Staples","Packaged Foods & Meats",1894,"1980-03-17 00:00:00","2021-10-29 00:00:00",10494
329,"The Mosaic Company",MOS,0,Materials,"Fertilizers & Agricultural Chemicals",2004,"1988-01-26 00:00:00","2021-10-29 00:00:00",8510
738,"The New York Times Company",NYT,0,NULL,NULL,NULL,"1980-01-02 00:00:00","2021-10-29 00:00:00",10545
450,"The Travelers Companies",TRV,0,Financials,"Property & Casualty Insurance",1853,"1980-01-02 00:00:00","2021-10-29 00:00:00",10545
483,"The Walt Disney Company",DIS,0,"Communication Services","Movies & Entertainment",1923,"1980-01-02 00:00:00","2021-10-29 00:00:00",10548
445,"Thermo Fisher Scientific",TMO,0,"Health Care","Life Sciences Tools & Services",2006,"1980-03-17 00:00:00","2021-10-29 00:00:00",10495
527,"Tiffany & Co",TIF,0,NULL,NULL,NULL,NULL,NULL,0
577,"Time Warner",TWX,0,NULL,NULL,NULL,"1992-03-19 00:00:00","2018-06-15 00:00:00",6598
628,"Time Warner Cable",TWC,0,NULL,NULL,NULL,NULL,NULL,0
700,"Titanium Metals",TIE,0,NULL,NULL,NULL,"1996-06-05 00:00:00","2019-06-05 00:00:00",5601
446,"TJX Companies",TJX,0,"Consumer Discretionary","Apparel Retail",1987,"1987-06-26 00:00:00","2021-10-29 00:00:00",8657
447,"Tractor Supply Company",TSCO,0,"Consumer Discretionary","Specialty Stores",1938,"1994-02-17 00:00:00","2021-10-29 00:00:00",6941
448,"Trane Technologies",TT,0,Industrials,"Building Products",1871,"1980-03-17 00:00:00","2021-10-29 00:00:00",10497
449,"TransDigm Group",TDG,0,Industrials,"Aerospace & Defense",1993,"2006-03-15 00:00:00","2021-10-29 00:00:00",3936
593,Transocean,RIG,0,NULL,NULL,NULL,"1993-05-28 00:00:00","2021-10-29 00:00:00",7159
760,"Tribune Media",TRB,0,NULL,NULL,NULL,"1999-09-30 00:00:00","2017-12-05 00:00:00",665
451,Trimble,TRMB,0,"Information Technology","Electronic Equipment & Instruments",1978,"1990-07-20 00:00:00","2021-10-29 00:00:00",7882
546,TripAdvisor,TRIP,0,NULL,NULL,NULL,"2011-12-07 00:00:00","2021-10-29 00:00:00",2491
452,"Truist Financial",TFC,0,Financials,"Regional Banks",1872,"1980-03-18 00:00:00","2021-10-29 00:00:00",10016
553,TSYS,TSS,0,NULL,NULL,NULL,NULL,NULL,0
453,Twitter,TWTR,0,"Communication Services","Interactive Media & Services",2006,"2013-11-07 00:00:00","2021-10-29 00:00:00",2009
620,"Tyco International",TYC,0,NULL,NULL,NULL,NULL,NULL,0
454,"Tyler Technologies",TYL,0,"Information Technology","Application Software",1966,"1980-03-17 00:00:00","2021-10-29 00:00:00",10421
455,"Tyson Foods",TSN,0,"Consumer Staples","Packaged Foods & Meats",1935,"1980-03-17 00:00:00","2021-10-29 00:00:00",10420
458,"U.S. Bancorp",USB,0,Financials,"Diversified Banks",1968,"1980-01-03 00:00:00","2021-10-29 00:00:00",10421
456,UDR,UDR,0,"Real Estate","Residential REITs",1972,"1980-03-17 00:00:00","2021-10-29 00:00:00",9808
457,"Ulta Beauty",ULTA,0,"Consumer Discretionary","Specialty Stores",1990,"2007-10-25 00:00:00","2021-10-29 00:00:00",3529
459,"Under Armour (Class A)",UAA,0,"Consumer Discretionary","Apparel, Accessories & Luxury Goods",1996,"2005-11-18 00:00:00","2021-10-29 00:00:00",4014
460,"Under Armour (Class C)",UA,0,"Consumer Discretionary","Apparel, Accessories & Luxury Goods",1996,"2016-03-23 00:00:00","2021-10-29 00:00:00",1412
461,"Union Pacific",UNP,0,Industrials,Railroads,1862,"1980-01-02 00:00:00","2021-10-29 00:00:00",10549
462,"United Airlines",UAL,0,Industrials,Airlines,1967,"2006-02-06 00:00:00","2021-10-29 00:00:00",3962
464,"United Parcel Service",UPS,0,Industrials,"Air Freight & Logistics",1907,"1999-11-10 00:00:00","2021-10-29 00:00:00",5529
465,"United Rentals",URI,0,Industrials,"Trading Companies & Distributors",1997,"1997-12-18 00:00:00","2021-10-29 00:00:00",6006
674,"United States Steel",X,0,NULL,NULL,NULL,"1991-04-12 00:00:00","2021-10-29 00:00:00",7698
463,"UnitedHealth Group",UNH,0,"Health Care","Managed Health Care",1977,"1984-10-17 00:00:00","2021-10-29 00:00:00",9330
466,"Universal Health Services",UHS,0,"Health Care","Health Care Facilities",1979,"1981-07-09 00:00:00","2021-10-29 00:00:00",10162
514,Unum,UNM,0,NULL,NULL,NULL,"1986-11-06 00:00:00","2021-10-29 00:00:00",8817
605,"Urban Outfitters",URBN,0,NULL,NULL,NULL,"1993-11-09 00:00:00","2021-10-29 00:00:00",7044
467,"Valero Energy",VLO,0,Energy,"Oil & Gas Refining & Marketing",1980,"1982-01-04 00:00:00","2021-10-29 00:00:00",10040
520,"Varian Medical Systems",VAR,0,NULL,NULL,NULL,NULL,NULL,0
468,Ventas,VTR,0,"Real Estate","Health Care REITs",1998,"1997-05-05 00:00:00","2021-10-29 00:00:00",6164
469,Verisign,VRSN,0,"Information Technology","Internet Services & Infrastructure",1995,"1998-01-30 00:00:00","2021-10-29 00:00:00",5978
470,"Verisk Analytics",VRSK,0,Industrials,"Research & Consulting Services",1971,"2009-10-07 00:00:00","2021-10-29 00:00:00",3038
471,"Verizon Communications",VZ,0,"Communication Services","Integrated Telecommunication Services",1983,"1983-11-21 00:00:00","2021-10-29 00:00:00",9565
472,"Vertex Pharmaceuticals",VRTX,0,"Health Care",Biotechnology,1989,"1991-07-24 00:00:00","2021-10-29 00:00:00",7626
473,"VF Corporation",VFC,0,"Consumer Discretionary","Apparel, Accessories & Luxury Goods",1899,"1980-03-17 00:00:00","2021-10-29 00:00:00",10495
549,Viacom,VIAB,0,NULL,NULL,NULL,NULL,NULL,0
474,ViacomCBS,VIAC,0,"Communication Services","Movies & Entertainment",2019,"2005-12-05 00:00:00","2021-10-29 00:00:00",4004
475,Viatris,VTRS,0,"Health Care",Pharmaceuticals,1961,"1980-03-17 00:00:00","2021-10-29 00:00:00",10471
476,Visa,V,0,"Information Technology","Data Processing & Outsourced Services",1958,"2008-03-19 00:00:00","2021-10-29 00:00:00",3430
524,Vontier,VNT,0,NULL,NULL,NULL,"2020-09-24 00:00:00","2021-10-29 00:00:00",277
477,"Vornado Realty Trust",VNO,0,"Real Estate","Office REITs",1982,"1980-03-17 00:00:00","2021-10-29 00:00:00",10109
478,"Vulcan Materials",VMC,0,Materials,"Construction Materials",1909,"1980-01-02 00:00:00","2021-10-29 00:00:00",10528
479,"W. R. Berkley Corporation",WRB,0,Financials,"Property & Casualty Insurance",1967,"1980-01-02 00:00:00","2021-10-29 00:00:00",10328
222,"W. W. Grainger",GWW,0,Industrials,"Industrial Machinery",1927,"1980-01-02 00:00:00","2021-10-29 00:00:00",10545
480,Wabtec,WAB,0,Industrials,"Construction Machinery & Heavy Trucks",1999,"1995-06-16 00:00:00","2021-10-29 00:00:00",6641
755,"Wachovia Bank",WB,0,NULL,NULL,NULL,"2014-04-17 00:00:00","2021-10-29 00:00:00",1899
482,"Walgreens Boots Alliance",WBA,0,"Consumer Staples","Drug Retail",2014,"1980-03-17 00:00:00","2021-10-29 00:00:00",10497
481,Walmart,WMT,0,"Consumer Staples","Hypermarkets & Super Centers",1962,"1980-01-02 00:00:00","2021-10-29 00:00:00",10548
484,"Waste Management",WM,0,Industrials,"Environmental & Facilities Services",1968,"1988-06-22 00:00:00","2021-10-29 00:00:00",8342
485,"Waters Corporation",WAT,0,"Health Care","Health Care Distributors",1958,"1995-11-17 00:00:00","2021-10-29 00:00:00",6533
486,"WEC Energy Group",WEC,0,Utilities,"Electric Utilities",1896,"1980-03-17 00:00:00","2021-10-29 00:00:00",10496
544,WellCare,WCG,0,NULL,NULL,NULL,NULL,NULL,0
487,"Wells Fargo",WFC,0,Financials,"Diversified Banks",1852,"1980-01-02 00:00:00","2021-10-29 00:00:00",10549
488,Welltower,WELL,0,"Real Estate","Health Care REITs",1970,"1980-03-19 00:00:00","2021-10-29 00:00:00",10165
489,"West Pharmaceutical Services",WST,0,"Health Care","Health Care Supplies",1923,"1980-03-17 00:00:00","2021-10-29 00:00:00",10477
490,"Western Digital",WDC,0,"Information Technology","Technology Hardware, Storage & Peripherals",1970,"1980-01-02 00:00:00","2021-10-29 00:00:00",10545
491,"Western Union",WU,0,"Information Technology","Data Processing & Outsourced Services",1851,"2006-10-02 00:00:00","2021-10-29 00:00:00",3797
492,WestRock,WRK,0,Materials,"Paper Packaging",2015,"2015-06-24 00:00:00","2021-10-29 00:00:00",1601
493,Weyerhaeuser,WY,0,"Real Estate","Specialized REITs",1900,"1980-01-02 00:00:00","2021-10-29 00:00:00",10549
494,"Whirlpool Corporation",WHR,0,"Consumer Discretionary","Household Appliances",1911,"1980-01-02 00:00:00","2021-10-29 00:00:00",10547
591,"Whole Foods Market",WFM,0,NULL,NULL,NULL,NULL,NULL,0
495,"Williams Companies",WMB,0,Energy,"Oil & Gas Storage & Transportation",1908,"1981-12-31 00:00:00","2021-10-29 00:00:00",10042
496,"Willis Towers Watson",WLTW,0,Financials,"Insurance Brokers",2016,"2001-06-12 00:00:00","2021-10-29 00:00:00",5130
660,"Windstream Communications",WIN,0,NULL,NULL,NULL,NULL,NULL,0
681,"WPX Energy",WPX,0,NULL,NULL,NULL,NULL,NULL,0
775,"WR Grace",GRA,0,NULL,NULL,NULL,"1998-03-24 00:00:00","2021-09-21 00:00:00",5913
582,"Wyndham Worldwide",WYN,0,NULL,NULL,NULL,NULL,NULL,0
497,"Wynn Resorts",WYNN,0,"Consumer Discretionary","Casinos & Gaming",2002,"2002-10-25 00:00:00","2021-10-29 00:00:00",4787
498,"Xcel Energy",XEL,0,Utilities,Multi-Utilities,1909,"1980-01-02 00:00:00","2021-10-29 00:00:00",10547
523,Xerox,XRX,0,NULL,NULL,NULL,"1980-01-02 00:00:00","2021-10-29 00:00:00",10549
499,Xilinx,XLNX,0,"Information Technology",Semiconductors,1984,"1990-06-12 00:00:00","2021-10-29 00:00:00",7909
574,"XL Group",XL,0,NULL,NULL,NULL,"2019-09-03 00:00:00","2021-10-29 00:00:00",490
743,"XTO Energy",XTO,0,NULL,NULL,NULL,NULL,NULL,0
500,Xylem,XYL,0,Industrials,"Industrial Machinery",2011,"2011-10-13 00:00:00","2021-10-29 00:00:00",2529
598,"Yahoo! Inc.",YHOO,0,NULL,NULL,NULL,NULL,NULL,0
501,"Yum! Brands",YUM,0,"Consumer Discretionary",Restaurants,1997,"1997-09-17 00:00:00","2021-10-29 00:00:00",6071
502,"Zebra Technologies",ZBRA,0,"Information Technology","Electronic Equipment & Instruments",1969,"1991-08-15 00:00:00","2021-10-29 00:00:00",7611
503,"Zimmer Biomet",ZBH,0,"Health Care","Health Care Equipment",1927,"2001-07-25 00:00:00","2021-10-29 00:00:00",5100
504,"Zions Bancorp",ZION,0,Financials,"Regional Banks",1873,"1980-03-17 00:00:00","2021-10-29 00:00:00",10379
505,Zoetis,ZTS,0,"Health Care",Pharmaceuticals,1952,"2013-02-01 00:00:00","2021-10-29 00:00:00",2203
